KEY;DATASET;PAIR_1;PAIR_2;SINGLE;IS_PAIR_END;PATH
SRR4305069;VatanenT_2016;SRR4305069_1.fastq.gz;SRR4305069_2.fastq.gz;;True;/gfs/data/curated_metagenomes/VatanenT_2016
SRR4305031;VatanenT_2016;SRR4305031_1.fastq.gz;SRR4305031_2.fastq.gz;;True;/gfs/data/curated_metagenomes/VatanenT_2016
SRR4305032;VatanenT_2016;SRR4305032_1.fastq.gz;SRR4305032_2.fastq.gz;;True;/gfs/data/curated_metagenomes/VatanenT_2016
SRR4305033;VatanenT_2016;SRR4305033_1.fastq.gz;SRR4305033_2.fastq.gz;;True;/gfs/data/curated_metagenomes/VatanenT_2016
SRR4305034;VatanenT_2016;SRR4305034_1.fastq.gz;SRR4305034_2.fastq.gz;;True;/gfs/data/curated_metagenomes/VatanenT_2016
SRR4305035;VatanenT_2016;SRR4305035_1.fastq.gz;SRR4305035_2.fastq.gz;;True;/gfs/data/curated_metagenomes/VatanenT_2016
SRR4305036;VatanenT_2016;SRR4305036_1.fastq.gz;SRR4305036_2.fastq.gz;;True;/gfs/data/curated_metagenomes/VatanenT_2016
SRR4305037;VatanenT_2016;SRR4305037_1.fastq.gz;SRR4305037_2.fastq.gz;;True;/gfs/data/curated_metagenomes/VatanenT_2016
SRR4305038;VatanenT_2016;SRR4305038_1.fastq.gz;SRR4305038_2.fastq.gz;;True;/gfs/data/curated_metagenomes/VatanenT_2016
SRR4305039;VatanenT_2016;SRR4305039_1.fastq.gz;SRR4305039_2.fastq.gz;;True;/gfs/data/curated_metagenomes/VatanenT_2016
SRR4305040;VatanenT_2016;SRR4305040_1.fastq.gz;SRR4305040_2.fastq.gz;;True;/gfs/data/curated_metagenomes/VatanenT_2016
SRR4305041;VatanenT_2016;SRR4305041_1.fastq.gz;SRR4305041_2.fastq.gz;;True;/gfs/data/curated_metagenomes/VatanenT_2016
SRR4305042;VatanenT_2016;SRR4305042_1.fastq.gz;SRR4305042_2.fastq.gz;;True;/gfs/data/curated_metagenomes/VatanenT_2016
SRR4305043;VatanenT_2016;SRR4305043_1.fastq.gz;SRR4305043_2.fastq.gz;;True;/gfs/data/curated_metagenomes/VatanenT_2016
SRR4305044;VatanenT_2016;SRR4305044_1.fastq.gz;SRR4305044_2.fastq.gz;;True;/gfs/data/curated_metagenomes/VatanenT_2016
SRR4305045;VatanenT_2016;SRR4305045_1.fastq.gz;SRR4305045_2.fastq.gz;;True;/gfs/data/curated_metagenomes/VatanenT_2016
SRR4305046;VatanenT_2016;SRR4305046_1.fastq.gz;SRR4305046_2.fastq.gz;;True;/gfs/data/curated_metagenomes/VatanenT_2016
SRR4305047;VatanenT_2016;SRR4305047_1.fastq.gz;SRR4305047_2.fastq.gz;;True;/gfs/data/curated_metagenomes/VatanenT_2016
SRR4305048;VatanenT_2016;SRR4305048_1.fastq.gz;SRR4305048_2.fastq.gz;;True;/gfs/data/curated_metagenomes/VatanenT_2016
SRR4305049;VatanenT_2016;SRR4305049_1.fastq.gz;SRR4305049_2.fastq.gz;;True;/gfs/data/curated_metagenomes/VatanenT_2016
SRR4305050;VatanenT_2016;SRR4305050_1.fastq.gz;SRR4305050_2.fastq.gz;;True;/gfs/data/curated_metagenomes/VatanenT_2016
SRR4305051;VatanenT_2016;SRR4305051_1.fastq.gz;SRR4305051_2.fastq.gz;;True;/gfs/data/curated_metagenomes/VatanenT_2016
SRR4305052;VatanenT_2016;SRR4305052_1.fastq.gz;SRR4305052_2.fastq.gz;;True;/gfs/data/curated_metagenomes/VatanenT_2016
SRR4305053;VatanenT_2016;SRR4305053_1.fastq.gz;SRR4305053_2.fastq.gz;;True;/gfs/data/curated_metagenomes/VatanenT_2016
SRR4305054;VatanenT_2016;SRR4305054_1.fastq.gz;SRR4305054_2.fastq.gz;;True;/gfs/data/curated_metagenomes/VatanenT_2016
SRR4305055;VatanenT_2016;SRR4305055_1.fastq.gz;SRR4305055_2.fastq.gz;;True;/gfs/data/curated_metagenomes/VatanenT_2016
SRR4305056;VatanenT_2016;SRR4305056_1.fastq.gz;SRR4305056_2.fastq.gz;;True;/gfs/data/curated_metagenomes/VatanenT_2016
SRR4305057;VatanenT_2016;SRR4305057_1.fastq.gz;SRR4305057_2.fastq.gz;;True;/gfs/data/curated_metagenomes/VatanenT_2016
SRR4305058;VatanenT_2016;SRR4305058_1.fastq.gz;SRR4305058_2.fastq.gz;;True;/gfs/data/curated_metagenomes/VatanenT_2016
SRR4305059;VatanenT_2016;SRR4305059_1.fastq.gz;SRR4305059_2.fastq.gz;;True;/gfs/data/curated_metagenomes/VatanenT_2016
SRR4305060;VatanenT_2016;SRR4305060_1.fastq.gz;SRR4305060_2.fastq.gz;;True;/gfs/data/curated_metagenomes/VatanenT_2016
SRR4305061;VatanenT_2016;SRR4305061_1.fastq.gz;SRR4305061_2.fastq.gz;;True;/gfs/data/curated_metagenomes/VatanenT_2016
SRR4305062;VatanenT_2016;SRR4305062_1.fastq.gz;SRR4305062_2.fastq.gz;;True;/gfs/data/curated_metagenomes/VatanenT_2016
SRR4305063;VatanenT_2016;SRR4305063_1.fastq.gz;SRR4305063_2.fastq.gz;;True;/gfs/data/curated_metagenomes/VatanenT_2016
SRR4305064;VatanenT_2016;SRR4305064_1.fastq.gz;SRR4305064_2.fastq.gz;;True;/gfs/data/curated_metagenomes/VatanenT_2016
SRR4305065;VatanenT_2016;SRR4305065_1.fastq.gz;SRR4305065_2.fastq.gz;;True;/gfs/data/curated_metagenomes/VatanenT_2016
SRR4305066;VatanenT_2016;SRR4305066_1.fastq.gz;SRR4305066_2.fastq.gz;;True;/gfs/data/curated_metagenomes/VatanenT_2016
SRR4305067;VatanenT_2016;SRR4305067_1.fastq.gz;SRR4305067_2.fastq.gz;;True;/gfs/data/curated_metagenomes/VatanenT_2016
SRR4305068;VatanenT_2016;SRR4305068_1.fastq.gz;SRR4305068_2.fastq.gz;;True;/gfs/data/curated_metagenomes/VatanenT_2016
SRR4305070;VatanenT_2016;SRR4305070_1.fastq.gz;SRR4305070_2.fastq.gz;;True;/gfs/data/curated_metagenomes/VatanenT_2016
SRR4305071;VatanenT_2016;SRR4305071_1.fastq.gz;SRR4305071_2.fastq.gz;;True;/gfs/data/curated_metagenomes/VatanenT_2016
SRR4305072;VatanenT_2016;SRR4305072_1.fastq.gz;SRR4305072_2.fastq.gz;;True;/gfs/data/curated_metagenomes/VatanenT_2016
SRR4305073;VatanenT_2016;SRR4305073_1.fastq.gz;SRR4305073_2.fastq.gz;;True;/gfs/data/curated_metagenomes/VatanenT_2016
SRR4305074;VatanenT_2016;SRR4305074_1.fastq.gz;SRR4305074_2.fastq.gz;;True;/gfs/data/curated_metagenomes/VatanenT_2016
SRR4305075;VatanenT_2016;SRR4305075_1.fastq.gz;SRR4305075_2.fastq.gz;;True;/gfs/data/curated_metagenomes/VatanenT_2016
SRR4305076;VatanenT_2016;SRR4305076_1.fastq.gz;SRR4305076_2.fastq.gz;;True;/gfs/data/curated_metagenomes/VatanenT_2016
SRR4305077;VatanenT_2016;SRR4305077_1.fastq.gz;SRR4305077_2.fastq.gz;;True;/gfs/data/curated_metagenomes/VatanenT_2016
SRR4305078;VatanenT_2016;SRR4305078_1.fastq.gz;SRR4305078_2.fastq.gz;;True;/gfs/data/curated_metagenomes/VatanenT_2016
SRR4305079;VatanenT_2016;SRR4305079_1.fastq.gz;SRR4305079_2.fastq.gz;;True;/gfs/data/curated_metagenomes/VatanenT_2016
SRR4305080;VatanenT_2016;SRR4305080_1.fastq.gz;SRR4305080_2.fastq.gz;;True;/gfs/data/curated_metagenomes/VatanenT_2016
SRR4305081;VatanenT_2016;SRR4305081_1.fastq.gz;SRR4305081_2.fastq.gz;;True;/gfs/data/curated_metagenomes/VatanenT_2016
SRR4305082;VatanenT_2016;SRR4305082_1.fastq.gz;SRR4305082_2.fastq.gz;;True;/gfs/data/curated_metagenomes/VatanenT_2016
SRR4305083;VatanenT_2016;SRR4305083_1.fastq.gz;SRR4305083_2.fastq.gz;;True;/gfs/data/curated_metagenomes/VatanenT_2016
SRR4305084;VatanenT_2016;SRR4305084_1.fastq.gz;SRR4305084_2.fastq.gz;;True;/gfs/data/curated_metagenomes/VatanenT_2016
SRR4305085;VatanenT_2016;SRR4305085_1.fastq.gz;SRR4305085_2.fastq.gz;;True;/gfs/data/curated_metagenomes/VatanenT_2016
SRR4305086;VatanenT_2016;SRR4305086_1.fastq.gz;SRR4305086_2.fastq.gz;;True;/gfs/data/curated_metagenomes/VatanenT_2016
SRR4305087;VatanenT_2016;SRR4305087_1.fastq.gz;SRR4305087_2.fastq.gz;;True;/gfs/data/curated_metagenomes/VatanenT_2016
SRR4305088;VatanenT_2016;SRR4305088_1.fastq.gz;SRR4305088_2.fastq.gz;;True;/gfs/data/curated_metagenomes/VatanenT_2016
SRR4305089;VatanenT_2016;SRR4305089_1.fastq.gz;SRR4305089_2.fastq.gz;;True;/gfs/data/curated_metagenomes/VatanenT_2016
SRR4305090;VatanenT_2016;SRR4305090_1.fastq.gz;SRR4305090_2.fastq.gz;;True;/gfs/data/curated_metagenomes/VatanenT_2016
SRR4305091;VatanenT_2016;SRR4305091_1.fastq.gz;SRR4305091_2.fastq.gz;;True;/gfs/data/curated_metagenomes/VatanenT_2016
SRR4305092;VatanenT_2016;SRR4305092_1.fastq.gz;SRR4305092_2.fastq.gz;;True;/gfs/data/curated_metagenomes/VatanenT_2016
SRR4305093;VatanenT_2016;SRR4305093_1.fastq.gz;SRR4305093_2.fastq.gz;;True;/gfs/data/curated_metagenomes/VatanenT_2016
SRR4305094;VatanenT_2016;SRR4305094_1.fastq.gz;SRR4305094_2.fastq.gz;;True;/gfs/data/curated_metagenomes/VatanenT_2016
SRR4305095;VatanenT_2016;SRR4305095_1.fastq.gz;SRR4305095_2.fastq.gz;;True;/gfs/data/curated_metagenomes/VatanenT_2016
SRR4305096;VatanenT_2016;SRR4305096_1.fastq.gz;SRR4305096_2.fastq.gz;;True;/gfs/data/curated_metagenomes/VatanenT_2016
SRR4305097;VatanenT_2016;SRR4305097_1.fastq.gz;SRR4305097_2.fastq.gz;;True;/gfs/data/curated_metagenomes/VatanenT_2016
SRR4305098;VatanenT_2016;SRR4305098_1.fastq.gz;SRR4305098_2.fastq.gz;;True;/gfs/data/curated_metagenomes/VatanenT_2016
SRR4305099;VatanenT_2016;SRR4305099_1.fastq.gz;SRR4305099_2.fastq.gz;;True;/gfs/data/curated_metagenomes/VatanenT_2016
SRR4305100;VatanenT_2016;SRR4305100_1.fastq.gz;SRR4305100_2.fastq.gz;;True;/gfs/data/curated_metagenomes/VatanenT_2016
SRR4305101;VatanenT_2016;SRR4305101_1.fastq.gz;SRR4305101_2.fastq.gz;;True;/gfs/data/curated_metagenomes/VatanenT_2016
SRR4305102;VatanenT_2016;SRR4305102_1.fastq.gz;SRR4305102_2.fastq.gz;;True;/gfs/data/curated_metagenomes/VatanenT_2016
SRR4305103;VatanenT_2016;SRR4305103_1.fastq.gz;SRR4305103_2.fastq.gz;;True;/gfs/data/curated_metagenomes/VatanenT_2016
SRR4305104;VatanenT_2016;SRR4305104_1.fastq.gz;SRR4305104_2.fastq.gz;;True;/gfs/data/curated_metagenomes/VatanenT_2016
SRR4305105;VatanenT_2016;SRR4305105_1.fastq.gz;SRR4305105_2.fastq.gz;;True;/gfs/data/curated_metagenomes/VatanenT_2016
SRR4305106;VatanenT_2016;SRR4305106_1.fastq.gz;SRR4305106_2.fastq.gz;;True;/gfs/data/curated_metagenomes/VatanenT_2016
SRR4305107;VatanenT_2016;SRR4305107_1.fastq.gz;SRR4305107_2.fastq.gz;;True;/gfs/data/curated_metagenomes/VatanenT_2016
SRR4305108;VatanenT_2016;SRR4305108_1.fastq.gz;SRR4305108_2.fastq.gz;;True;/gfs/data/curated_metagenomes/VatanenT_2016
SRR4305109;VatanenT_2016;SRR4305109_1.fastq.gz;SRR4305109_2.fastq.gz;;True;/gfs/data/curated_metagenomes/VatanenT_2016
SRR4305110;VatanenT_2016;SRR4305110_1.fastq.gz;SRR4305110_2.fastq.gz;;True;/gfs/data/curated_metagenomes/VatanenT_2016
SRR4305111;VatanenT_2016;SRR4305111_1.fastq.gz;SRR4305111_2.fastq.gz;;True;/gfs/data/curated_metagenomes/VatanenT_2016
SRR4305112;VatanenT_2016;SRR4305112_1.fastq.gz;SRR4305112_2.fastq.gz;;True;/gfs/data/curated_metagenomes/VatanenT_2016
SRR4305113;VatanenT_2016;SRR4305113_1.fastq.gz;SRR4305113_2.fastq.gz;;True;/gfs/data/curated_metagenomes/VatanenT_2016
SRR4305114;VatanenT_2016;SRR4305114_1.fastq.gz;SRR4305114_2.fastq.gz;;True;/gfs/data/curated_metagenomes/VatanenT_2016
SRR4305115;VatanenT_2016;SRR4305115_1.fastq.gz;SRR4305115_2.fastq.gz;;True;/gfs/data/curated_metagenomes/VatanenT_2016
SRR4305116;VatanenT_2016;SRR4305116_1.fastq.gz;SRR4305116_2.fastq.gz;;True;/gfs/data/curated_metagenomes/VatanenT_2016
SRR4305117;VatanenT_2016;SRR4305117_1.fastq.gz;SRR4305117_2.fastq.gz;;True;/gfs/data/curated_metagenomes/VatanenT_2016
SRR4305118;VatanenT_2016;SRR4305118_1.fastq.gz;SRR4305118_2.fastq.gz;;True;/gfs/data/curated_metagenomes/VatanenT_2016
SRR4305119;VatanenT_2016;SRR4305119_1.fastq.gz;SRR4305119_2.fastq.gz;;True;/gfs/data/curated_metagenomes/VatanenT_2016
SRR4305120;VatanenT_2016;SRR4305120_1.fastq.gz;SRR4305120_2.fastq.gz;;True;/gfs/data/curated_metagenomes/VatanenT_2016
SRR4305121;VatanenT_2016;SRR4305121_1.fastq.gz;SRR4305121_2.fastq.gz;;True;/gfs/data/curated_metagenomes/VatanenT_2016
SRR4305122;VatanenT_2016;SRR4305122_1.fastq.gz;SRR4305122_2.fastq.gz;;True;/gfs/data/curated_metagenomes/VatanenT_2016
SRR4305123;VatanenT_2016;SRR4305123_1.fastq.gz;SRR4305123_2.fastq.gz;;True;/gfs/data/curated_metagenomes/VatanenT_2016
SRR4305124;VatanenT_2016;SRR4305124_1.fastq.gz;SRR4305124_2.fastq.gz;;True;/gfs/data/curated_metagenomes/VatanenT_2016
SRR4305125;VatanenT_2016;SRR4305125_1.fastq.gz;SRR4305125_2.fastq.gz;;True;/gfs/data/curated_metagenomes/VatanenT_2016
SRR4305126;VatanenT_2016;SRR4305126_1.fastq.gz;SRR4305126_2.fastq.gz;;True;/gfs/data/curated_metagenomes/VatanenT_2016
SRR4305127;VatanenT_2016;SRR4305127_1.fastq.gz;SRR4305127_2.fastq.gz;;True;/gfs/data/curated_metagenomes/VatanenT_2016
SRR4305128;VatanenT_2016;SRR4305128_1.fastq.gz;SRR4305128_2.fastq.gz;;True;/gfs/data/curated_metagenomes/VatanenT_2016
SRR4305144;VatanenT_2016;SRR4305144_1.fastq.gz;SRR4305144_2.fastq.gz;SRR4305144.fastq.gz;True;/gfs/data/curated_metagenomes/VatanenT_2016
SRR4305129;VatanenT_2016;SRR4305129_1.fastq.gz;SRR4305129_2.fastq.gz;;True;/gfs/data/curated_metagenomes/VatanenT_2016
SRR4305130;VatanenT_2016;SRR4305130_1.fastq.gz;SRR4305130_2.fastq.gz;;True;/gfs/data/curated_metagenomes/VatanenT_2016
SRR4305131;VatanenT_2016;SRR4305131_1.fastq.gz;SRR4305131_2.fastq.gz;;True;/gfs/data/curated_metagenomes/VatanenT_2016
SRR4305132;VatanenT_2016;SRR4305132_1.fastq.gz;SRR4305132_2.fastq.gz;;True;/gfs/data/curated_metagenomes/VatanenT_2016
SRR4305133;VatanenT_2016;SRR4305133_1.fastq.gz;SRR4305133_2.fastq.gz;;True;/gfs/data/curated_metagenomes/VatanenT_2016
SRR4305134;VatanenT_2016;SRR4305134_1.fastq.gz;SRR4305134_2.fastq.gz;;True;/gfs/data/curated_metagenomes/VatanenT_2016
SRR4305135;VatanenT_2016;SRR4305135_1.fastq.gz;SRR4305135_2.fastq.gz;;True;/gfs/data/curated_metagenomes/VatanenT_2016
SRR4305136;VatanenT_2016;SRR4305136_1.fastq.gz;SRR4305136_2.fastq.gz;;True;/gfs/data/curated_metagenomes/VatanenT_2016
SRR4305137;VatanenT_2016;SRR4305137_1.fastq.gz;SRR4305137_2.fastq.gz;;True;/gfs/data/curated_metagenomes/VatanenT_2016
SRR4305138;VatanenT_2016;SRR4305138_1.fastq.gz;SRR4305138_2.fastq.gz;;True;/gfs/data/curated_metagenomes/VatanenT_2016
SRR4305139;VatanenT_2016;SRR4305139_1.fastq.gz;SRR4305139_2.fastq.gz;;True;/gfs/data/curated_metagenomes/VatanenT_2016
SRR4305140;VatanenT_2016;SRR4305140_1.fastq.gz;SRR4305140_2.fastq.gz;;True;/gfs/data/curated_metagenomes/VatanenT_2016
SRR4305141;VatanenT_2016;SRR4305141_1.fastq.gz;SRR4305141_2.fastq.gz;;True;/gfs/data/curated_metagenomes/VatanenT_2016
SRR4305142;VatanenT_2016;SRR4305142_1.fastq.gz;SRR4305142_2.fastq.gz;;True;/gfs/data/curated_metagenomes/VatanenT_2016
SRR4305143;VatanenT_2016;SRR4305143_1.fastq.gz;SRR4305143_2.fastq.gz;;True;/gfs/data/curated_metagenomes/VatanenT_2016
SRR4305145;VatanenT_2016;SRR4305145_1.fastq.gz;SRR4305145_2.fastq.gz;;True;/gfs/data/curated_metagenomes/VatanenT_2016
SRR4305146;VatanenT_2016;SRR4305146_1.fastq.gz;SRR4305146_2.fastq.gz;;True;/gfs/data/curated_metagenomes/VatanenT_2016
SRR4305147;VatanenT_2016;SRR4305147_1.fastq.gz;SRR4305147_2.fastq.gz;;True;/gfs/data/curated_metagenomes/VatanenT_2016
SRR4305148;VatanenT_2016;SRR4305148_1.fastq.gz;SRR4305148_2.fastq.gz;;True;/gfs/data/curated_metagenomes/VatanenT_2016
SRR4305149;VatanenT_2016;SRR4305149_1.fastq.gz;SRR4305149_2.fastq.gz;;True;/gfs/data/curated_metagenomes/VatanenT_2016
SRR4305150;VatanenT_2016;SRR4305150_1.fastq.gz;SRR4305150_2.fastq.gz;;True;/gfs/data/curated_metagenomes/VatanenT_2016
SRR4305151;VatanenT_2016;SRR4305151_1.fastq.gz;SRR4305151_2.fastq.gz;;True;/gfs/data/curated_metagenomes/VatanenT_2016
SRR4305152;VatanenT_2016;SRR4305152_1.fastq.gz;SRR4305152_2.fastq.gz;;True;/gfs/data/curated_metagenomes/VatanenT_2016
SRR4305153;VatanenT_2016;SRR4305153_1.fastq.gz;SRR4305153_2.fastq.gz;;True;/gfs/data/curated_metagenomes/VatanenT_2016
SRR4305154;VatanenT_2016;SRR4305154_1.fastq.gz;SRR4305154_2.fastq.gz;;True;/gfs/data/curated_metagenomes/VatanenT_2016
SRR4305155;VatanenT_2016;SRR4305155_1.fastq.gz;SRR4305155_2.fastq.gz;;True;/gfs/data/curated_metagenomes/VatanenT_2016
SRR4305156;VatanenT_2016;SRR4305156_1.fastq.gz;SRR4305156_2.fastq.gz;;True;/gfs/data/curated_metagenomes/VatanenT_2016
SRR4305157;VatanenT_2016;SRR4305157_1.fastq.gz;SRR4305157_2.fastq.gz;;True;/gfs/data/curated_metagenomes/VatanenT_2016
SRR4305158;VatanenT_2016;SRR4305158_1.fastq.gz;SRR4305158_2.fastq.gz;;True;/gfs/data/curated_metagenomes/VatanenT_2016
SRR4305159;VatanenT_2016;SRR4305159_1.fastq.gz;SRR4305159_2.fastq.gz;;True;/gfs/data/curated_metagenomes/VatanenT_2016
SRR4305160;VatanenT_2016;SRR4305160_1.fastq.gz;SRR4305160_2.fastq.gz;;True;/gfs/data/curated_metagenomes/VatanenT_2016
SRR4305161;VatanenT_2016;SRR4305161_1.fastq.gz;SRR4305161_2.fastq.gz;SRR4305161.fastq.gz;True;/gfs/data/curated_metagenomes/VatanenT_2016
SRR4305162;VatanenT_2016;SRR4305162_1.fastq.gz;SRR4305162_2.fastq.gz;;True;/gfs/data/curated_metagenomes/VatanenT_2016
SRR4305163;VatanenT_2016;SRR4305163_1.fastq.gz;SRR4305163_2.fastq.gz;;True;/gfs/data/curated_metagenomes/VatanenT_2016
SRR4305164;VatanenT_2016;SRR4305164_1.fastq.gz;SRR4305164_2.fastq.gz;;True;/gfs/data/curated_metagenomes/VatanenT_2016
SRR4305165;VatanenT_2016;SRR4305165_1.fastq.gz;SRR4305165_2.fastq.gz;;True;/gfs/data/curated_metagenomes/VatanenT_2016
SRR4305166;VatanenT_2016;SRR4305166_1.fastq.gz;SRR4305166_2.fastq.gz;;True;/gfs/data/curated_metagenomes/VatanenT_2016
SRR4305167;VatanenT_2016;SRR4305167_1.fastq.gz;SRR4305167_2.fastq.gz;;True;/gfs/data/curated_metagenomes/VatanenT_2016
SRR4305168;VatanenT_2016;SRR4305168_1.fastq.gz;SRR4305168_2.fastq.gz;;True;/gfs/data/curated_metagenomes/VatanenT_2016
SRR4305169;VatanenT_2016;SRR4305169_1.fastq.gz;SRR4305169_2.fastq.gz;;True;/gfs/data/curated_metagenomes/VatanenT_2016
SRR4305170;VatanenT_2016;SRR4305170_1.fastq.gz;SRR4305170_2.fastq.gz;;True;/gfs/data/curated_metagenomes/VatanenT_2016
SRR4305171;VatanenT_2016;SRR4305171_1.fastq.gz;SRR4305171_2.fastq.gz;;True;/gfs/data/curated_metagenomes/VatanenT_2016
SRR4305172;VatanenT_2016;SRR4305172_1.fastq.gz;SRR4305172_2.fastq.gz;;True;/gfs/data/curated_metagenomes/VatanenT_2016
SRR4305173;VatanenT_2016;SRR4305173_1.fastq.gz;SRR4305173_2.fastq.gz;;True;/gfs/data/curated_metagenomes/VatanenT_2016
SRR4305174;VatanenT_2016;SRR4305174_1.fastq.gz;SRR4305174_2.fastq.gz;;True;/gfs/data/curated_metagenomes/VatanenT_2016
SRR4305175;VatanenT_2016;SRR4305175_1.fastq.gz;SRR4305175_2.fastq.gz;;True;/gfs/data/curated_metagenomes/VatanenT_2016
SRR4305176;VatanenT_2016;SRR4305176_1.fastq.gz;SRR4305176_2.fastq.gz;;True;/gfs/data/curated_metagenomes/VatanenT_2016
SRR4305177;VatanenT_2016;SRR4305177_1.fastq.gz;SRR4305177_2.fastq.gz;;True;/gfs/data/curated_metagenomes/VatanenT_2016
SRR4305178;VatanenT_2016;SRR4305178_1.fastq.gz;SRR4305178_2.fastq.gz;;True;/gfs/data/curated_metagenomes/VatanenT_2016
SRR4305179;VatanenT_2016;SRR4305179_1.fastq.gz;SRR4305179_2.fastq.gz;;True;/gfs/data/curated_metagenomes/VatanenT_2016
SRR4305180;VatanenT_2016;SRR4305180_1.fastq.gz;SRR4305180_2.fastq.gz;;True;/gfs/data/curated_metagenomes/VatanenT_2016
SRR4305181;VatanenT_2016;SRR4305181_1.fastq.gz;SRR4305181_2.fastq.gz;;True;/gfs/data/curated_metagenomes/VatanenT_2016
SRR4305182;VatanenT_2016;SRR4305182_1.fastq.gz;SRR4305182_2.fastq.gz;;True;/gfs/data/curated_metagenomes/VatanenT_2016
SRR4305183;VatanenT_2016;SRR4305183_1.fastq.gz;SRR4305183_2.fastq.gz;;True;/gfs/data/curated_metagenomes/VatanenT_2016
SRR4305184;VatanenT_2016;SRR4305184_1.fastq.gz;SRR4305184_2.fastq.gz;;True;/gfs/data/curated_metagenomes/VatanenT_2016
SRR4305185;VatanenT_2016;SRR4305185_1.fastq.gz;SRR4305185_2.fastq.gz;;True;/gfs/data/curated_metagenomes/VatanenT_2016
SRR4305186;VatanenT_2016;SRR4305186_1.fastq.gz;SRR4305186_2.fastq.gz;;True;/gfs/data/curated_metagenomes/VatanenT_2016
SRR4305187;VatanenT_2016;SRR4305187_1.fastq.gz;SRR4305187_2.fastq.gz;;True;/gfs/data/curated_metagenomes/VatanenT_2016
SRR4305188;VatanenT_2016;SRR4305188_1.fastq.gz;SRR4305188_2.fastq.gz;;True;/gfs/data/curated_metagenomes/VatanenT_2016
SRR4305189;VatanenT_2016;SRR4305189_1.fastq.gz;SRR4305189_2.fastq.gz;;True;/gfs/data/curated_metagenomes/VatanenT_2016
SRR4305190;VatanenT_2016;SRR4305190_1.fastq.gz;SRR4305190_2.fastq.gz;;True;/gfs/data/curated_metagenomes/VatanenT_2016
SRR4305191;VatanenT_2016;SRR4305191_1.fastq.gz;SRR4305191_2.fastq.gz;;True;/gfs/data/curated_metagenomes/VatanenT_2016
SRR4305192;VatanenT_2016;SRR4305192_1.fastq.gz;SRR4305192_2.fastq.gz;;True;/gfs/data/curated_metagenomes/VatanenT_2016
SRR4305193;VatanenT_2016;SRR4305193_1.fastq.gz;SRR4305193_2.fastq.gz;;True;/gfs/data/curated_metagenomes/VatanenT_2016
SRR4305194;VatanenT_2016;SRR4305194_1.fastq.gz;SRR4305194_2.fastq.gz;;True;/gfs/data/curated_metagenomes/VatanenT_2016
SRR4305195;VatanenT_2016;SRR4305195_1.fastq.gz;SRR4305195_2.fastq.gz;;True;/gfs/data/curated_metagenomes/VatanenT_2016
SRR4305196;VatanenT_2016;SRR4305196_1.fastq.gz;SRR4305196_2.fastq.gz;;True;/gfs/data/curated_metagenomes/VatanenT_2016
SRR4305197;VatanenT_2016;SRR4305197_1.fastq.gz;SRR4305197_2.fastq.gz;;True;/gfs/data/curated_metagenomes/VatanenT_2016
SRR4305198;VatanenT_2016;SRR4305198_1.fastq.gz;SRR4305198_2.fastq.gz;;True;/gfs/data/curated_metagenomes/VatanenT_2016
SRR4305199;VatanenT_2016;SRR4305199_1.fastq.gz;SRR4305199_2.fastq.gz;;True;/gfs/data/curated_metagenomes/VatanenT_2016
SRR4305200;VatanenT_2016;SRR4305200_1.fastq.gz;SRR4305200_2.fastq.gz;;True;/gfs/data/curated_metagenomes/VatanenT_2016
SRR4305201;VatanenT_2016;SRR4305201_1.fastq.gz;SRR4305201_2.fastq.gz;;True;/gfs/data/curated_metagenomes/VatanenT_2016
SRR4305202;VatanenT_2016;SRR4305202_1.fastq.gz;SRR4305202_2.fastq.gz;;True;/gfs/data/curated_metagenomes/VatanenT_2016
SRR4305203;VatanenT_2016;SRR4305203_1.fastq.gz;SRR4305203_2.fastq.gz;;True;/gfs/data/curated_metagenomes/VatanenT_2016
SRR4305204;VatanenT_2016;SRR4305204_1.fastq.gz;SRR4305204_2.fastq.gz;;True;/gfs/data/curated_metagenomes/VatanenT_2016
SRR4305205;VatanenT_2016;SRR4305205_1.fastq.gz;SRR4305205_2.fastq.gz;;True;/gfs/data/curated_metagenomes/VatanenT_2016
SRR4305206;VatanenT_2016;SRR4305206_1.fastq.gz;SRR4305206_2.fastq.gz;;True;/gfs/data/curated_metagenomes/VatanenT_2016
SRR4305207;VatanenT_2016;SRR4305207_1.fastq.gz;SRR4305207_2.fastq.gz;;True;/gfs/data/curated_metagenomes/VatanenT_2016
SRR4305208;VatanenT_2016;SRR4305208_1.fastq.gz;SRR4305208_2.fastq.gz;;True;/gfs/data/curated_metagenomes/VatanenT_2016
SRR4305209;VatanenT_2016;SRR4305209_1.fastq.gz;SRR4305209_2.fastq.gz;;True;/gfs/data/curated_metagenomes/VatanenT_2016
SRR4305210;VatanenT_2016;SRR4305210_1.fastq.gz;SRR4305210_2.fastq.gz;;True;/gfs/data/curated_metagenomes/VatanenT_2016
SRR4305211;VatanenT_2016;SRR4305211_1.fastq.gz;SRR4305211_2.fastq.gz;;True;/gfs/data/curated_metagenomes/VatanenT_2016
SRR4305212;VatanenT_2016;SRR4305212_1.fastq.gz;SRR4305212_2.fastq.gz;;True;/gfs/data/curated_metagenomes/VatanenT_2016
SRR4305213;VatanenT_2016;SRR4305213_1.fastq.gz;SRR4305213_2.fastq.gz;;True;/gfs/data/curated_metagenomes/VatanenT_2016
SRR4305214;VatanenT_2016;SRR4305214_1.fastq.gz;SRR4305214_2.fastq.gz;;True;/gfs/data/curated_metagenomes/VatanenT_2016
SRR4305215;VatanenT_2016;SRR4305215_1.fastq.gz;SRR4305215_2.fastq.gz;;True;/gfs/data/curated_metagenomes/VatanenT_2016
SRR4305216;VatanenT_2016;SRR4305216_1.fastq.gz;SRR4305216_2.fastq.gz;;True;/gfs/data/curated_metagenomes/VatanenT_2016
SRR4305217;VatanenT_2016;SRR4305217_1.fastq.gz;SRR4305217_2.fastq.gz;;True;/gfs/data/curated_metagenomes/VatanenT_2016
SRR4305218;VatanenT_2016;SRR4305218_1.fastq.gz;SRR4305218_2.fastq.gz;;True;/gfs/data/curated_metagenomes/VatanenT_2016
SRR4305219;VatanenT_2016;SRR4305219_1.fastq.gz;SRR4305219_2.fastq.gz;;True;/gfs/data/curated_metagenomes/VatanenT_2016
SRR4305220;VatanenT_2016;SRR4305220_1.fastq.gz;SRR4305220_2.fastq.gz;;True;/gfs/data/curated_metagenomes/VatanenT_2016
SRR4305221;VatanenT_2016;SRR4305221_1.fastq.gz;SRR4305221_2.fastq.gz;;True;/gfs/data/curated_metagenomes/VatanenT_2016
SRR4305222;VatanenT_2016;SRR4305222_1.fastq.gz;SRR4305222_2.fastq.gz;;True;/gfs/data/curated_metagenomes/VatanenT_2016
SRR4305223;VatanenT_2016;SRR4305223_1.fastq.gz;SRR4305223_2.fastq.gz;;True;/gfs/data/curated_metagenomes/VatanenT_2016
SRR4305224;VatanenT_2016;SRR4305224_1.fastq.gz;SRR4305224_2.fastq.gz;;True;/gfs/data/curated_metagenomes/VatanenT_2016
SRR4305225;VatanenT_2016;SRR4305225_1.fastq.gz;SRR4305225_2.fastq.gz;;True;/gfs/data/curated_metagenomes/VatanenT_2016
SRR4305226;VatanenT_2016;SRR4305226_1.fastq.gz;SRR4305226_2.fastq.gz;;True;/gfs/data/curated_metagenomes/VatanenT_2016
SRR4305227;VatanenT_2016;SRR4305227_1.fastq.gz;SRR4305227_2.fastq.gz;;True;/gfs/data/curated_metagenomes/VatanenT_2016
SRR4305228;VatanenT_2016;SRR4305228_1.fastq.gz;SRR4305228_2.fastq.gz;;True;/gfs/data/curated_metagenomes/VatanenT_2016
SRR4305229;VatanenT_2016;SRR4305229_1.fastq.gz;SRR4305229_2.fastq.gz;;True;/gfs/data/curated_metagenomes/VatanenT_2016
SRR4305230;VatanenT_2016;SRR4305230_1.fastq.gz;SRR4305230_2.fastq.gz;;True;/gfs/data/curated_metagenomes/VatanenT_2016
SRR4305231;VatanenT_2016;SRR4305231_1.fastq.gz;SRR4305231_2.fastq.gz;;True;/gfs/data/curated_metagenomes/VatanenT_2016
SRR4305232;VatanenT_2016;SRR4305232_1.fastq.gz;SRR4305232_2.fastq.gz;;True;/gfs/data/curated_metagenomes/VatanenT_2016
SRR4305233;VatanenT_2016;SRR4305233_1.fastq.gz;SRR4305233_2.fastq.gz;;True;/gfs/data/curated_metagenomes/VatanenT_2016
SRR4305234;VatanenT_2016;SRR4305234_1.fastq.gz;SRR4305234_2.fastq.gz;;True;/gfs/data/curated_metagenomes/VatanenT_2016
SRR4305235;VatanenT_2016;SRR4305235_1.fastq.gz;SRR4305235_2.fastq.gz;;True;/gfs/data/curated_metagenomes/VatanenT_2016
SRR4305236;VatanenT_2016;SRR4305236_1.fastq.gz;SRR4305236_2.fastq.gz;;True;/gfs/data/curated_metagenomes/VatanenT_2016
SRR4305237;VatanenT_2016;SRR4305237_1.fastq.gz;SRR4305237_2.fastq.gz;;True;/gfs/data/curated_metagenomes/VatanenT_2016
SRR4305238;VatanenT_2016;SRR4305238_1.fastq.gz;SRR4305238_2.fastq.gz;;True;/gfs/data/curated_metagenomes/VatanenT_2016
SRR4305239;VatanenT_2016;SRR4305239_1.fastq.gz;SRR4305239_2.fastq.gz;;True;/gfs/data/curated_metagenomes/VatanenT_2016
SRR4305240;VatanenT_2016;SRR4305240_1.fastq.gz;SRR4305240_2.fastq.gz;;True;/gfs/data/curated_metagenomes/VatanenT_2016
SRR4305241;VatanenT_2016;SRR4305241_1.fastq.gz;SRR4305241_2.fastq.gz;;True;/gfs/data/curated_metagenomes/VatanenT_2016
SRR4305242;VatanenT_2016;SRR4305242_1.fastq.gz;SRR4305242_2.fastq.gz;;True;/gfs/data/curated_metagenomes/VatanenT_2016
SRR4305243;VatanenT_2016;SRR4305243_1.fastq.gz;SRR4305243_2.fastq.gz;;True;/gfs/data/curated_metagenomes/VatanenT_2016
SRR4305244;VatanenT_2016;SRR4305244_1.fastq.gz;SRR4305244_2.fastq.gz;;True;/gfs/data/curated_metagenomes/VatanenT_2016
SRR4305245;VatanenT_2016;SRR4305245_1.fastq.gz;SRR4305245_2.fastq.gz;;True;/gfs/data/curated_metagenomes/VatanenT_2016
SRR4305246;VatanenT_2016;SRR4305246_1.fastq.gz;SRR4305246_2.fastq.gz;;True;/gfs/data/curated_metagenomes/VatanenT_2016
SRR4305247;VatanenT_2016;SRR4305247_1.fastq.gz;SRR4305247_2.fastq.gz;;True;/gfs/data/curated_metagenomes/VatanenT_2016
SRR4305248;VatanenT_2016;SRR4305248_1.fastq.gz;SRR4305248_2.fastq.gz;;True;/gfs/data/curated_metagenomes/VatanenT_2016
SRR4305249;VatanenT_2016;SRR4305249_1.fastq.gz;SRR4305249_2.fastq.gz;;True;/gfs/data/curated_metagenomes/VatanenT_2016
SRR4305250;VatanenT_2016;SRR4305250_1.fastq.gz;SRR4305250_2.fastq.gz;;True;/gfs/data/curated_metagenomes/VatanenT_2016
SRR4305251;VatanenT_2016;SRR4305251_1.fastq.gz;SRR4305251_2.fastq.gz;;True;/gfs/data/curated_metagenomes/VatanenT_2016
SRR4305252;VatanenT_2016;SRR4305252_1.fastq.gz;SRR4305252_2.fastq.gz;;True;/gfs/data/curated_metagenomes/VatanenT_2016
SRR4305254;VatanenT_2016;SRR4305254_1.fastq.gz;SRR4305254_2.fastq.gz;;True;/gfs/data/curated_metagenomes/VatanenT_2016
SRR4305255;VatanenT_2016;SRR4305255_1.fastq.gz;SRR4305255_2.fastq.gz;;True;/gfs/data/curated_metagenomes/VatanenT_2016
SRR4305256;VatanenT_2016;SRR4305256_1.fastq.gz;SRR4305256_2.fastq.gz;;True;/gfs/data/curated_metagenomes/VatanenT_2016
SRR4305257;VatanenT_2016;SRR4305257_1.fastq.gz;SRR4305257_2.fastq.gz;;True;/gfs/data/curated_metagenomes/VatanenT_2016
SRR4305258;VatanenT_2016;SRR4305258_1.fastq.gz;SRR4305258_2.fastq.gz;;True;/gfs/data/curated_metagenomes/VatanenT_2016
SRR4305259;VatanenT_2016;SRR4305259_1.fastq.gz;SRR4305259_2.fastq.gz;;True;/gfs/data/curated_metagenomes/VatanenT_2016
SRR4305260;VatanenT_2016;SRR4305260_1.fastq.gz;SRR4305260_2.fastq.gz;;True;/gfs/data/curated_metagenomes/VatanenT_2016
SRR4305261;VatanenT_2016;SRR4305261_1.fastq.gz;SRR4305261_2.fastq.gz;;True;/gfs/data/curated_metagenomes/VatanenT_2016
SRR4305262;VatanenT_2016;SRR4305262_1.fastq.gz;SRR4305262_2.fastq.gz;;True;/gfs/data/curated_metagenomes/VatanenT_2016
SRR4305263;VatanenT_2016;SRR4305263_1.fastq.gz;SRR4305263_2.fastq.gz;;True;/gfs/data/curated_metagenomes/VatanenT_2016
SRR4305264;VatanenT_2016;SRR4305264_1.fastq.gz;SRR4305264_2.fastq.gz;;True;/gfs/data/curated_metagenomes/VatanenT_2016
SRR4305265;VatanenT_2016;SRR4305265_1.fastq.gz;SRR4305265_2.fastq.gz;;True;/gfs/data/curated_metagenomes/VatanenT_2016
SRR4305266;VatanenT_2016;SRR4305266_1.fastq.gz;SRR4305266_2.fastq.gz;;True;/gfs/data/curated_metagenomes/VatanenT_2016
SRR4305267;VatanenT_2016;SRR4305267_1.fastq.gz;SRR4305267_2.fastq.gz;;True;/gfs/data/curated_metagenomes/VatanenT_2016
SRR4305268;VatanenT_2016;SRR4305268_1.fastq.gz;SRR4305268_2.fastq.gz;;True;/gfs/data/curated_metagenomes/VatanenT_2016
SRR4305269;VatanenT_2016;SRR4305269_1.fastq.gz;SRR4305269_2.fastq.gz;;True;/gfs/data/curated_metagenomes/VatanenT_2016
SRR4305270;VatanenT_2016;SRR4305270_1.fastq.gz;SRR4305270_2.fastq.gz;;True;/gfs/data/curated_metagenomes/VatanenT_2016
SRR4305271;VatanenT_2016;SRR4305271_1.fastq.gz;SRR4305271_2.fastq.gz;;True;/gfs/data/curated_metagenomes/VatanenT_2016
SRR4305272;VatanenT_2016;SRR4305272_1.fastq.gz;SRR4305272_2.fastq.gz;;True;/gfs/data/curated_metagenomes/VatanenT_2016
SRR4305273;VatanenT_2016;SRR4305273_1.fastq.gz;SRR4305273_2.fastq.gz;;True;/gfs/data/curated_metagenomes/VatanenT_2016
SRR4305274;VatanenT_2016;SRR4305274_1.fastq.gz;SRR4305274_2.fastq.gz;;True;/gfs/data/curated_metagenomes/VatanenT_2016
SRR4305275;VatanenT_2016;SRR4305275_1.fastq.gz;SRR4305275_2.fastq.gz;;True;/gfs/data/curated_metagenomes/VatanenT_2016
SRR4305276;VatanenT_2016;SRR4305276_1.fastq.gz;SRR4305276_2.fastq.gz;;True;/gfs/data/curated_metagenomes/VatanenT_2016
SRR4305277;VatanenT_2016;SRR4305277_1.fastq.gz;SRR4305277_2.fastq.gz;;True;/gfs/data/curated_metagenomes/VatanenT_2016
SRR4305278;VatanenT_2016;SRR4305278_1.fastq.gz;SRR4305278_2.fastq.gz;;True;/gfs/data/curated_metagenomes/VatanenT_2016
SRR4305279;VatanenT_2016;SRR4305279_1.fastq.gz;SRR4305279_2.fastq.gz;;True;/gfs/data/curated_metagenomes/VatanenT_2016
SRR4305280;VatanenT_2016;SRR4305280_1.fastq.gz;SRR4305280_2.fastq.gz;;True;/gfs/data/curated_metagenomes/VatanenT_2016
SRR4305281;VatanenT_2016;SRR4305281_1.fastq.gz;SRR4305281_2.fastq.gz;;True;/gfs/data/curated_metagenomes/VatanenT_2016
SRR4305282;VatanenT_2016;SRR4305282_1.fastq.gz;SRR4305282_2.fastq.gz;;True;/gfs/data/curated_metagenomes/VatanenT_2016
SRR4305283;VatanenT_2016;SRR4305283_1.fastq.gz;SRR4305283_2.fastq.gz;;True;/gfs/data/curated_metagenomes/VatanenT_2016
SRR4305284;VatanenT_2016;SRR4305284_1.fastq.gz;SRR4305284_2.fastq.gz;;True;/gfs/data/curated_metagenomes/VatanenT_2016
SRR4305285;VatanenT_2016;SRR4305285_1.fastq.gz;SRR4305285_2.fastq.gz;;True;/gfs/data/curated_metagenomes/VatanenT_2016
SRR4305286;VatanenT_2016;SRR4305286_1.fastq.gz;SRR4305286_2.fastq.gz;;True;/gfs/data/curated_metagenomes/VatanenT_2016
SRR4305287;VatanenT_2016;SRR4305287_1.fastq.gz;SRR4305287_2.fastq.gz;;True;/gfs/data/curated_metagenomes/VatanenT_2016
SRR4305288;VatanenT_2016;SRR4305288_1.fastq.gz;SRR4305288_2.fastq.gz;;True;/gfs/data/curated_metagenomes/VatanenT_2016
SRR4305289;VatanenT_2016;SRR4305289_1.fastq.gz;SRR4305289_2.fastq.gz;;True;/gfs/data/curated_metagenomes/VatanenT_2016
SRR4305290;VatanenT_2016;SRR4305290_1.fastq.gz;SRR4305290_2.fastq.gz;;True;/gfs/data/curated_metagenomes/VatanenT_2016
SRR4305291;VatanenT_2016;SRR4305291_1.fastq.gz;SRR4305291_2.fastq.gz;;True;/gfs/data/curated_metagenomes/VatanenT_2016
SRR4305292;VatanenT_2016;SRR4305292_1.fastq.gz;SRR4305292_2.fastq.gz;;True;/gfs/data/curated_metagenomes/VatanenT_2016
SRR4305293;VatanenT_2016;SRR4305293_1.fastq.gz;SRR4305293_2.fastq.gz;;True;/gfs/data/curated_metagenomes/VatanenT_2016
SRR4305294;VatanenT_2016;SRR4305294_1.fastq.gz;SRR4305294_2.fastq.gz;;True;/gfs/data/curated_metagenomes/VatanenT_2016
SRR4305295;VatanenT_2016;SRR4305295_1.fastq.gz;SRR4305295_2.fastq.gz;;True;/gfs/data/curated_metagenomes/VatanenT_2016
SRR4305296;VatanenT_2016;SRR4305296_1.fastq.gz;SRR4305296_2.fastq.gz;;True;/gfs/data/curated_metagenomes/VatanenT_2016
SRR4305297;VatanenT_2016;SRR4305297_1.fastq.gz;SRR4305297_2.fastq.gz;;True;/gfs/data/curated_metagenomes/VatanenT_2016
SRR4305298;VatanenT_2016;SRR4305298_1.fastq.gz;SRR4305298_2.fastq.gz;;True;/gfs/data/curated_metagenomes/VatanenT_2016
SRR4305299;VatanenT_2016;SRR4305299_1.fastq.gz;SRR4305299_2.fastq.gz;;True;/gfs/data/curated_metagenomes/VatanenT_2016
SRR4305300;VatanenT_2016;SRR4305300_1.fastq.gz;SRR4305300_2.fastq.gz;;True;/gfs/data/curated_metagenomes/VatanenT_2016
SRR4305301;VatanenT_2016;SRR4305301_1.fastq.gz;SRR4305301_2.fastq.gz;;True;/gfs/data/curated_metagenomes/VatanenT_2016
SRR4305302;VatanenT_2016;SRR4305302_1.fastq.gz;SRR4305302_2.fastq.gz;;True;/gfs/data/curated_metagenomes/VatanenT_2016
SRR4305303;VatanenT_2016;SRR4305303_1.fastq.gz;SRR4305303_2.fastq.gz;;True;/gfs/data/curated_metagenomes/VatanenT_2016
SRR4305304;VatanenT_2016;SRR4305304_1.fastq.gz;SRR4305304_2.fastq.gz;;True;/gfs/data/curated_metagenomes/VatanenT_2016
SRR4305305;VatanenT_2016;SRR4305305_1.fastq.gz;SRR4305305_2.fastq.gz;;True;/gfs/data/curated_metagenomes/VatanenT_2016
SRR4305306;VatanenT_2016;SRR4305306_1.fastq.gz;SRR4305306_2.fastq.gz;;True;/gfs/data/curated_metagenomes/VatanenT_2016
SRR4305307;VatanenT_2016;SRR4305307_1.fastq.gz;SRR4305307_2.fastq.gz;;True;/gfs/data/curated_metagenomes/VatanenT_2016
SRR4305308;VatanenT_2016;SRR4305308_1.fastq.gz;SRR4305308_2.fastq.gz;;True;/gfs/data/curated_metagenomes/VatanenT_2016
SRR4305309;VatanenT_2016;SRR4305309_1.fastq.gz;SRR4305309_2.fastq.gz;;True;/gfs/data/curated_metagenomes/VatanenT_2016
SRR4305310;VatanenT_2016;SRR4305310_1.fastq.gz;SRR4305310_2.fastq.gz;;True;/gfs/data/curated_metagenomes/VatanenT_2016
SRR4305311;VatanenT_2016;SRR4305311_1.fastq.gz;SRR4305311_2.fastq.gz;;True;/gfs/data/curated_metagenomes/VatanenT_2016
SRR4305312;VatanenT_2016;SRR4305312_1.fastq.gz;SRR4305312_2.fastq.gz;;True;/gfs/data/curated_metagenomes/VatanenT_2016
SRR4305313;VatanenT_2016;SRR4305313_1.fastq.gz;SRR4305313_2.fastq.gz;;True;/gfs/data/curated_metagenomes/VatanenT_2016
SRR4305314;VatanenT_2016;SRR4305314_1.fastq.gz;SRR4305314_2.fastq.gz;;True;/gfs/data/curated_metagenomes/VatanenT_2016
SRR4305315;VatanenT_2016;SRR4305315_1.fastq.gz;SRR4305315_2.fastq.gz;;True;/gfs/data/curated_metagenomes/VatanenT_2016
SRR4305316;VatanenT_2016;SRR4305316_1.fastq.gz;SRR4305316_2.fastq.gz;;True;/gfs/data/curated_metagenomes/VatanenT_2016
SRR4305317;VatanenT_2016;SRR4305317_1.fastq.gz;SRR4305317_2.fastq.gz;;True;/gfs/data/curated_metagenomes/VatanenT_2016
SRR4305318;VatanenT_2016;SRR4305318_1.fastq.gz;SRR4305318_2.fastq.gz;;True;/gfs/data/curated_metagenomes/VatanenT_2016
SRR4305319;VatanenT_2016;SRR4305319_1.fastq.gz;SRR4305319_2.fastq.gz;;True;/gfs/data/curated_metagenomes/VatanenT_2016
SRR4305321;VatanenT_2016;SRR4305321_1.fastq.gz;SRR4305321_2.fastq.gz;;True;/gfs/data/curated_metagenomes/VatanenT_2016
SRR4305322;VatanenT_2016;SRR4305322_1.fastq.gz;SRR4305322_2.fastq.gz;;True;/gfs/data/curated_metagenomes/VatanenT_2016
SRR4305323;VatanenT_2016;SRR4305323_1.fastq.gz;SRR4305323_2.fastq.gz;;True;/gfs/data/curated_metagenomes/VatanenT_2016
SRR4305324;VatanenT_2016;SRR4305324_1.fastq.gz;SRR4305324_2.fastq.gz;;True;/gfs/data/curated_metagenomes/VatanenT_2016
SRR4305325;VatanenT_2016;SRR4305325_1.fastq.gz;SRR4305325_2.fastq.gz;;True;/gfs/data/curated_metagenomes/VatanenT_2016
SRR4305326;VatanenT_2016;SRR4305326_1.fastq.gz;SRR4305326_2.fastq.gz;;True;/gfs/data/curated_metagenomes/VatanenT_2016
SRR4305327;VatanenT_2016;SRR4305327_1.fastq.gz;SRR4305327_2.fastq.gz;;True;/gfs/data/curated_metagenomes/VatanenT_2016
SRR4305328;VatanenT_2016;SRR4305328_1.fastq.gz;SRR4305328_2.fastq.gz;;True;/gfs/data/curated_metagenomes/VatanenT_2016
SRR4305329;VatanenT_2016;SRR4305329_1.fastq.gz;SRR4305329_2.fastq.gz;;True;/gfs/data/curated_metagenomes/VatanenT_2016
SRR4305330;VatanenT_2016;SRR4305330_1.fastq.gz;SRR4305330_2.fastq.gz;;True;/gfs/data/curated_metagenomes/VatanenT_2016
SRR4305331;VatanenT_2016;SRR4305331_1.fastq.gz;SRR4305331_2.fastq.gz;;True;/gfs/data/curated_metagenomes/VatanenT_2016
SRR4305332;VatanenT_2016;SRR4305332_1.fastq.gz;SRR4305332_2.fastq.gz;;True;/gfs/data/curated_metagenomes/VatanenT_2016
SRR4305333;VatanenT_2016;SRR4305333_1.fastq.gz;SRR4305333_2.fastq.gz;;True;/gfs/data/curated_metagenomes/VatanenT_2016
SRR4305334;VatanenT_2016;SRR4305334_1.fastq.gz;SRR4305334_2.fastq.gz;;True;/gfs/data/curated_metagenomes/VatanenT_2016
SRR4305335;VatanenT_2016;SRR4305335_1.fastq.gz;SRR4305335_2.fastq.gz;;True;/gfs/data/curated_metagenomes/VatanenT_2016
SRR4305336;VatanenT_2016;SRR4305336_1.fastq.gz;SRR4305336_2.fastq.gz;;True;/gfs/data/curated_metagenomes/VatanenT_2016
SRR4305337;VatanenT_2016;SRR4305337_1.fastq.gz;SRR4305337_2.fastq.gz;;True;/gfs/data/curated_metagenomes/VatanenT_2016
SRR4305338;VatanenT_2016;SRR4305338_1.fastq.gz;SRR4305338_2.fastq.gz;;True;/gfs/data/curated_metagenomes/VatanenT_2016
SRR4305339;VatanenT_2016;SRR4305339_1.fastq.gz;SRR4305339_2.fastq.gz;;True;/gfs/data/curated_metagenomes/VatanenT_2016
SRR4305340;VatanenT_2016;SRR4305340_1.fastq.gz;SRR4305340_2.fastq.gz;;True;/gfs/data/curated_metagenomes/VatanenT_2016
SRR4305341;VatanenT_2016;SRR4305341_1.fastq.gz;SRR4305341_2.fastq.gz;;True;/gfs/data/curated_metagenomes/VatanenT_2016
SRR4305342;VatanenT_2016;SRR4305342_1.fastq.gz;SRR4305342_2.fastq.gz;;True;/gfs/data/curated_metagenomes/VatanenT_2016
SRR4305343;VatanenT_2016;SRR4305343_1.fastq.gz;SRR4305343_2.fastq.gz;;True;/gfs/data/curated_metagenomes/VatanenT_2016
SRR4305344;VatanenT_2016;SRR4305344_1.fastq.gz;SRR4305344_2.fastq.gz;;True;/gfs/data/curated_metagenomes/VatanenT_2016
SRR4305345;VatanenT_2016;SRR4305345_1.fastq.gz;SRR4305345_2.fastq.gz;;True;/gfs/data/curated_metagenomes/VatanenT_2016
SRR4305346;VatanenT_2016;SRR4305346_1.fastq.gz;SRR4305346_2.fastq.gz;;True;/gfs/data/curated_metagenomes/VatanenT_2016
SRR4305347;VatanenT_2016;SRR4305347_1.fastq.gz;SRR4305347_2.fastq.gz;;True;/gfs/data/curated_metagenomes/VatanenT_2016
SRR4305348;VatanenT_2016;SRR4305348_1.fastq.gz;SRR4305348_2.fastq.gz;;True;/gfs/data/curated_metagenomes/VatanenT_2016
SRR4305349;VatanenT_2016;SRR4305349_1.fastq.gz;SRR4305349_2.fastq.gz;;True;/gfs/data/curated_metagenomes/VatanenT_2016
SRR4305350;VatanenT_2016;SRR4305350_1.fastq.gz;SRR4305350_2.fastq.gz;;True;/gfs/data/curated_metagenomes/VatanenT_2016
SRR4305351;VatanenT_2016;SRR4305351_1.fastq.gz;SRR4305351_2.fastq.gz;;True;/gfs/data/curated_metagenomes/VatanenT_2016
SRR4305352;VatanenT_2016;SRR4305352_1.fastq.gz;SRR4305352_2.fastq.gz;;True;/gfs/data/curated_metagenomes/VatanenT_2016
SRR4305353;VatanenT_2016;SRR4305353_1.fastq.gz;SRR4305353_2.fastq.gz;;True;/gfs/data/curated_metagenomes/VatanenT_2016
SRR4305354;VatanenT_2016;SRR4305354_1.fastq.gz;SRR4305354_2.fastq.gz;;True;/gfs/data/curated_metagenomes/VatanenT_2016
SRR4305355;VatanenT_2016;SRR4305355_1.fastq.gz;SRR4305355_2.fastq.gz;;True;/gfs/data/curated_metagenomes/VatanenT_2016
SRR4305356;VatanenT_2016;SRR4305356_1.fastq.gz;SRR4305356_2.fastq.gz;;True;/gfs/data/curated_metagenomes/VatanenT_2016
SRR4305357;VatanenT_2016;SRR4305357_1.fastq.gz;SRR4305357_2.fastq.gz;;True;/gfs/data/curated_metagenomes/VatanenT_2016
SRR4305358;VatanenT_2016;SRR4305358_1.fastq.gz;SRR4305358_2.fastq.gz;;True;/gfs/data/curated_metagenomes/VatanenT_2016
SRR4305359;VatanenT_2016;SRR4305359_1.fastq.gz;SRR4305359_2.fastq.gz;;True;/gfs/data/curated_metagenomes/VatanenT_2016
SRR4305360;VatanenT_2016;SRR4305360_1.fastq.gz;SRR4305360_2.fastq.gz;;True;/gfs/data/curated_metagenomes/VatanenT_2016
SRR4305361;VatanenT_2016;SRR4305361_1.fastq.gz;SRR4305361_2.fastq.gz;;True;/gfs/data/curated_metagenomes/VatanenT_2016
SRR4305362;VatanenT_2016;SRR4305362_1.fastq.gz;SRR4305362_2.fastq.gz;;True;/gfs/data/curated_metagenomes/VatanenT_2016
SRR4305363;VatanenT_2016;SRR4305363_1.fastq.gz;SRR4305363_2.fastq.gz;;True;/gfs/data/curated_metagenomes/VatanenT_2016
SRR4305364;VatanenT_2016;SRR4305364_1.fastq.gz;SRR4305364_2.fastq.gz;;True;/gfs/data/curated_metagenomes/VatanenT_2016
SRR4305365;VatanenT_2016;SRR4305365_1.fastq.gz;SRR4305365_2.fastq.gz;;True;/gfs/data/curated_metagenomes/VatanenT_2016
SRR4305366;VatanenT_2016;SRR4305366_1.fastq.gz;SRR4305366_2.fastq.gz;;True;/gfs/data/curated_metagenomes/VatanenT_2016
SRR4305367;VatanenT_2016;SRR4305367_1.fastq.gz;SRR4305367_2.fastq.gz;;True;/gfs/data/curated_metagenomes/VatanenT_2016
SRR4305368;VatanenT_2016;SRR4305368_1.fastq.gz;SRR4305368_2.fastq.gz;;True;/gfs/data/curated_metagenomes/VatanenT_2016
SRR4305369;VatanenT_2016;SRR4305369_1.fastq.gz;SRR4305369_2.fastq.gz;;True;/gfs/data/curated_metagenomes/VatanenT_2016
SRR4305370;VatanenT_2016;SRR4305370_1.fastq.gz;SRR4305370_2.fastq.gz;;True;/gfs/data/curated_metagenomes/VatanenT_2016
SRR4305371;VatanenT_2016;SRR4305371_1.fastq.gz;SRR4305371_2.fastq.gz;;True;/gfs/data/curated_metagenomes/VatanenT_2016
SRR4305372;VatanenT_2016;SRR4305372_1.fastq.gz;SRR4305372_2.fastq.gz;;True;/gfs/data/curated_metagenomes/VatanenT_2016
SRR4305373;VatanenT_2016;SRR4305373_1.fastq.gz;SRR4305373_2.fastq.gz;;True;/gfs/data/curated_metagenomes/VatanenT_2016
SRR4305374;VatanenT_2016;SRR4305374_1.fastq.gz;SRR4305374_2.fastq.gz;;True;/gfs/data/curated_metagenomes/VatanenT_2016
SRR4305375;VatanenT_2016;SRR4305375_1.fastq.gz;SRR4305375_2.fastq.gz;;True;/gfs/data/curated_metagenomes/VatanenT_2016
SRR4305376;VatanenT_2016;SRR4305376_1.fastq.gz;SRR4305376_2.fastq.gz;;True;/gfs/data/curated_metagenomes/VatanenT_2016
SRR4305377;VatanenT_2016;SRR4305377_1.fastq.gz;SRR4305377_2.fastq.gz;;True;/gfs/data/curated_metagenomes/VatanenT_2016
SRR4305379;VatanenT_2016;SRR4305379_1.fastq.gz;SRR4305379_2.fastq.gz;;True;/gfs/data/curated_metagenomes/VatanenT_2016
SRR4305380;VatanenT_2016;SRR4305380_1.fastq.gz;SRR4305380_2.fastq.gz;;True;/gfs/data/curated_metagenomes/VatanenT_2016
SRR4305381;VatanenT_2016;SRR4305381_1.fastq.gz;SRR4305381_2.fastq.gz;;True;/gfs/data/curated_metagenomes/VatanenT_2016
SRR4305382;VatanenT_2016;SRR4305382_1.fastq.gz;SRR4305382_2.fastq.gz;;True;/gfs/data/curated_metagenomes/VatanenT_2016
SRR4305383;VatanenT_2016;SRR4305383_1.fastq.gz;SRR4305383_2.fastq.gz;;True;/gfs/data/curated_metagenomes/VatanenT_2016
SRR4305384;VatanenT_2016;SRR4305384_1.fastq.gz;SRR4305384_2.fastq.gz;;True;/gfs/data/curated_metagenomes/VatanenT_2016
SRR4305385;VatanenT_2016;SRR4305385_1.fastq.gz;SRR4305385_2.fastq.gz;;True;/gfs/data/curated_metagenomes/VatanenT_2016
SRR4305386;VatanenT_2016;SRR4305386_1.fastq.gz;SRR4305386_2.fastq.gz;;True;/gfs/data/curated_metagenomes/VatanenT_2016
SRR4305387;VatanenT_2016;SRR4305387_1.fastq.gz;SRR4305387_2.fastq.gz;;True;/gfs/data/curated_metagenomes/VatanenT_2016
SRR4305388;VatanenT_2016;SRR4305388_1.fastq.gz;SRR4305388_2.fastq.gz;;True;/gfs/data/curated_metagenomes/VatanenT_2016
SRR4305389;VatanenT_2016;SRR4305389_1.fastq.gz;SRR4305389_2.fastq.gz;;True;/gfs/data/curated_metagenomes/VatanenT_2016
SRR4305390;VatanenT_2016;SRR4305390_1.fastq.gz;SRR4305390_2.fastq.gz;;True;/gfs/data/curated_metagenomes/VatanenT_2016
SRR4305391;VatanenT_2016;SRR4305391_1.fastq.gz;SRR4305391_2.fastq.gz;;True;/gfs/data/curated_metagenomes/VatanenT_2016
SRR4305392;VatanenT_2016;SRR4305392_1.fastq.gz;SRR4305392_2.fastq.gz;;True;/gfs/data/curated_metagenomes/VatanenT_2016
SRR4305393;VatanenT_2016;SRR4305393_1.fastq.gz;SRR4305393_2.fastq.gz;;True;/gfs/data/curated_metagenomes/VatanenT_2016
SRR4305394;VatanenT_2016;SRR4305394_1.fastq.gz;SRR4305394_2.fastq.gz;;True;/gfs/data/curated_metagenomes/VatanenT_2016
SRR4305395;VatanenT_2016;SRR4305395_1.fastq.gz;SRR4305395_2.fastq.gz;;True;/gfs/data/curated_metagenomes/VatanenT_2016
SRR4305396;VatanenT_2016;SRR4305396_1.fastq.gz;SRR4305396_2.fastq.gz;;True;/gfs/data/curated_metagenomes/VatanenT_2016
SRR4305397;VatanenT_2016;SRR4305397_1.fastq.gz;SRR4305397_2.fastq.gz;;True;/gfs/data/curated_metagenomes/VatanenT_2016
SRR4305398;VatanenT_2016;SRR4305398_1.fastq.gz;SRR4305398_2.fastq.gz;;True;/gfs/data/curated_metagenomes/VatanenT_2016
SRR4305399;VatanenT_2016;SRR4305399_1.fastq.gz;SRR4305399_2.fastq.gz;;True;/gfs/data/curated_metagenomes/VatanenT_2016
SRR4305400;VatanenT_2016;SRR4305400_1.fastq.gz;SRR4305400_2.fastq.gz;;True;/gfs/data/curated_metagenomes/VatanenT_2016
SRR4305401;VatanenT_2016;SRR4305401_1.fastq.gz;SRR4305401_2.fastq.gz;;True;/gfs/data/curated_metagenomes/VatanenT_2016
SRR4305402;VatanenT_2016;SRR4305402_1.fastq.gz;SRR4305402_2.fastq.gz;;True;/gfs/data/curated_metagenomes/VatanenT_2016
SRR4305403;VatanenT_2016;SRR4305403_1.fastq.gz;SRR4305403_2.fastq.gz;;True;/gfs/data/curated_metagenomes/VatanenT_2016
SRR4305404;VatanenT_2016;SRR4305404_1.fastq.gz;SRR4305404_2.fastq.gz;;True;/gfs/data/curated_metagenomes/VatanenT_2016
SRR4305405;VatanenT_2016;SRR4305405_1.fastq.gz;SRR4305405_2.fastq.gz;;True;/gfs/data/curated_metagenomes/VatanenT_2016
SRR4305406;VatanenT_2016;SRR4305406_1.fastq.gz;SRR4305406_2.fastq.gz;;True;/gfs/data/curated_metagenomes/VatanenT_2016
SRR4305407;VatanenT_2016;SRR4305407_1.fastq.gz;SRR4305407_2.fastq.gz;;True;/gfs/data/curated_metagenomes/VatanenT_2016
SRR4305408;VatanenT_2016;SRR4305408_1.fastq.gz;SRR4305408_2.fastq.gz;;True;/gfs/data/curated_metagenomes/VatanenT_2016
SRR4305409;VatanenT_2016;SRR4305409_1.fastq.gz;SRR4305409_2.fastq.gz;;True;/gfs/data/curated_metagenomes/VatanenT_2016
SRR4305410;VatanenT_2016;SRR4305410_1.fastq.gz;SRR4305410_2.fastq.gz;;True;/gfs/data/curated_metagenomes/VatanenT_2016
SRR4305411;VatanenT_2016;SRR4305411_1.fastq.gz;SRR4305411_2.fastq.gz;;True;/gfs/data/curated_metagenomes/VatanenT_2016
SRR4305412;VatanenT_2016;SRR4305412_1.fastq.gz;SRR4305412_2.fastq.gz;;True;/gfs/data/curated_metagenomes/VatanenT_2016
SRR4305413;VatanenT_2016;SRR4305413_1.fastq.gz;SRR4305413_2.fastq.gz;;True;/gfs/data/curated_metagenomes/VatanenT_2016
SRR4305414;VatanenT_2016;SRR4305414_1.fastq.gz;SRR4305414_2.fastq.gz;;True;/gfs/data/curated_metagenomes/VatanenT_2016
SRR4305415;VatanenT_2016;SRR4305415_1.fastq.gz;SRR4305415_2.fastq.gz;;True;/gfs/data/curated_metagenomes/VatanenT_2016
SRR4305416;VatanenT_2016;SRR4305416_1.fastq.gz;SRR4305416_2.fastq.gz;;True;/gfs/data/curated_metagenomes/VatanenT_2016
SRR4305417;VatanenT_2016;SRR4305417_1.fastq.gz;SRR4305417_2.fastq.gz;;True;/gfs/data/curated_metagenomes/VatanenT_2016
SRR4305418;VatanenT_2016;SRR4305418_1.fastq.gz;SRR4305418_2.fastq.gz;;True;/gfs/data/curated_metagenomes/VatanenT_2016
SRR4305419;VatanenT_2016;SRR4305419_1.fastq.gz;SRR4305419_2.fastq.gz;;True;/gfs/data/curated_metagenomes/VatanenT_2016
SRR4305420;VatanenT_2016;SRR4305420_1.fastq.gz;SRR4305420_2.fastq.gz;;True;/gfs/data/curated_metagenomes/VatanenT_2016
SRR4305421;VatanenT_2016;SRR4305421_1.fastq.gz;SRR4305421_2.fastq.gz;;True;/gfs/data/curated_metagenomes/VatanenT_2016
SRR4305422;VatanenT_2016;SRR4305422_1.fastq.gz;SRR4305422_2.fastq.gz;;True;/gfs/data/curated_metagenomes/VatanenT_2016
SRR4305423;VatanenT_2016;SRR4305423_1.fastq.gz;SRR4305423_2.fastq.gz;;True;/gfs/data/curated_metagenomes/VatanenT_2016
SRR4305424;VatanenT_2016;SRR4305424_1.fastq.gz;SRR4305424_2.fastq.gz;;True;/gfs/data/curated_metagenomes/VatanenT_2016
SRR4305425;VatanenT_2016;SRR4305425_1.fastq.gz;SRR4305425_2.fastq.gz;;True;/gfs/data/curated_metagenomes/VatanenT_2016
SRR4305426;VatanenT_2016;SRR4305426_1.fastq.gz;SRR4305426_2.fastq.gz;;True;/gfs/data/curated_metagenomes/VatanenT_2016
SRR4305427;VatanenT_2016;SRR4305427_1.fastq.gz;SRR4305427_2.fastq.gz;;True;/gfs/data/curated_metagenomes/VatanenT_2016
SRR4305428;VatanenT_2016;SRR4305428_1.fastq.gz;SRR4305428_2.fastq.gz;;True;/gfs/data/curated_metagenomes/VatanenT_2016
SRR4305429;VatanenT_2016;SRR4305429_1.fastq.gz;SRR4305429_2.fastq.gz;;True;/gfs/data/curated_metagenomes/VatanenT_2016
SRR4305430;VatanenT_2016;SRR4305430_1.fastq.gz;SRR4305430_2.fastq.gz;;True;/gfs/data/curated_metagenomes/VatanenT_2016
SRR4305431;VatanenT_2016;SRR4305431_1.fastq.gz;SRR4305431_2.fastq.gz;;True;/gfs/data/curated_metagenomes/VatanenT_2016
SRR4305432;VatanenT_2016;SRR4305432_1.fastq.gz;SRR4305432_2.fastq.gz;;True;/gfs/data/curated_metagenomes/VatanenT_2016
SRR4305433;VatanenT_2016;SRR4305433_1.fastq.gz;SRR4305433_2.fastq.gz;;True;/gfs/data/curated_metagenomes/VatanenT_2016
SRR4305434;VatanenT_2016;SRR4305434_1.fastq.gz;SRR4305434_2.fastq.gz;;True;/gfs/data/curated_metagenomes/VatanenT_2016
SRR4305435;VatanenT_2016;SRR4305435_1.fastq.gz;SRR4305435_2.fastq.gz;;True;/gfs/data/curated_metagenomes/VatanenT_2016
SRR4305436;VatanenT_2016;SRR4305436_1.fastq.gz;SRR4305436_2.fastq.gz;;True;/gfs/data/curated_metagenomes/VatanenT_2016
SRR4305437;VatanenT_2016;SRR4305437_1.fastq.gz;SRR4305437_2.fastq.gz;;True;/gfs/data/curated_metagenomes/VatanenT_2016
SRR4305438;VatanenT_2016;SRR4305438_1.fastq.gz;SRR4305438_2.fastq.gz;;True;/gfs/data/curated_metagenomes/VatanenT_2016
SRR4305439;VatanenT_2016;SRR4305439_1.fastq.gz;SRR4305439_2.fastq.gz;;True;/gfs/data/curated_metagenomes/VatanenT_2016
SRR4305440;VatanenT_2016;SRR4305440_1.fastq.gz;SRR4305440_2.fastq.gz;;True;/gfs/data/curated_metagenomes/VatanenT_2016
SRR4305441;VatanenT_2016;SRR4305441_1.fastq.gz;SRR4305441_2.fastq.gz;;True;/gfs/data/curated_metagenomes/VatanenT_2016
SRR4305442;VatanenT_2016;SRR4305442_1.fastq.gz;SRR4305442_2.fastq.gz;;True;/gfs/data/curated_metagenomes/VatanenT_2016
SRR4305443;VatanenT_2016;SRR4305443_1.fastq.gz;SRR4305443_2.fastq.gz;;True;/gfs/data/curated_metagenomes/VatanenT_2016
SRR4305444;VatanenT_2016;SRR4305444_1.fastq.gz;SRR4305444_2.fastq.gz;;True;/gfs/data/curated_metagenomes/VatanenT_2016
SRR4305445;VatanenT_2016;SRR4305445_1.fastq.gz;SRR4305445_2.fastq.gz;;True;/gfs/data/curated_metagenomes/VatanenT_2016
SRR4305446;VatanenT_2016;SRR4305446_1.fastq.gz;SRR4305446_2.fastq.gz;;True;/gfs/data/curated_metagenomes/VatanenT_2016
SRR4305447;VatanenT_2016;SRR4305447_1.fastq.gz;SRR4305447_2.fastq.gz;;True;/gfs/data/curated_metagenomes/VatanenT_2016
SRR4305448;VatanenT_2016;SRR4305448_1.fastq.gz;SRR4305448_2.fastq.gz;;True;/gfs/data/curated_metagenomes/VatanenT_2016
SRR4305449;VatanenT_2016;SRR4305449_1.fastq.gz;SRR4305449_2.fastq.gz;;True;/gfs/data/curated_metagenomes/VatanenT_2016
SRR4305450;VatanenT_2016;SRR4305450_1.fastq.gz;SRR4305450_2.fastq.gz;;True;/gfs/data/curated_metagenomes/VatanenT_2016
SRR4305451;VatanenT_2016;SRR4305451_1.fastq.gz;SRR4305451_2.fastq.gz;;True;/gfs/data/curated_metagenomes/VatanenT_2016
SRR4305452;VatanenT_2016;SRR4305452_1.fastq.gz;SRR4305452_2.fastq.gz;;True;/gfs/data/curated_metagenomes/VatanenT_2016
SRR4305453;VatanenT_2016;SRR4305453_1.fastq.gz;SRR4305453_2.fastq.gz;;True;/gfs/data/curated_metagenomes/VatanenT_2016
SRR4305454;VatanenT_2016;SRR4305454_1.fastq.gz;SRR4305454_2.fastq.gz;;True;/gfs/data/curated_metagenomes/VatanenT_2016
SRR4305455;VatanenT_2016;SRR4305455_1.fastq.gz;SRR4305455_2.fastq.gz;;True;/gfs/data/curated_metagenomes/VatanenT_2016
SRR4305456;VatanenT_2016;SRR4305456_1.fastq.gz;SRR4305456_2.fastq.gz;;True;/gfs/data/curated_metagenomes/VatanenT_2016
SRR4305457;VatanenT_2016;SRR4305457_1.fastq.gz;SRR4305457_2.fastq.gz;;True;/gfs/data/curated_metagenomes/VatanenT_2016
SRR4305458;VatanenT_2016;SRR4305458_1.fastq.gz;SRR4305458_2.fastq.gz;;True;/gfs/data/curated_metagenomes/VatanenT_2016
SRR4305459;VatanenT_2016;SRR4305459_1.fastq.gz;SRR4305459_2.fastq.gz;;True;/gfs/data/curated_metagenomes/VatanenT_2016
SRR4305460;VatanenT_2016;SRR4305460_1.fastq.gz;SRR4305460_2.fastq.gz;;True;/gfs/data/curated_metagenomes/VatanenT_2016
SRR4305461;VatanenT_2016;SRR4305461_1.fastq.gz;SRR4305461_2.fastq.gz;;True;/gfs/data/curated_metagenomes/VatanenT_2016
SRR4305462;VatanenT_2016;SRR4305462_1.fastq.gz;SRR4305462_2.fastq.gz;;True;/gfs/data/curated_metagenomes/VatanenT_2016
SRR4305463;VatanenT_2016;SRR4305463_1.fastq.gz;SRR4305463_2.fastq.gz;;True;/gfs/data/curated_metagenomes/VatanenT_2016
SRR4305464;VatanenT_2016;SRR4305464_1.fastq.gz;SRR4305464_2.fastq.gz;;True;/gfs/data/curated_metagenomes/VatanenT_2016
SRR4305465;VatanenT_2016;SRR4305465_1.fastq.gz;SRR4305465_2.fastq.gz;;True;/gfs/data/curated_metagenomes/VatanenT_2016
SRR4305466;VatanenT_2016;SRR4305466_1.fastq.gz;SRR4305466_2.fastq.gz;;True;/gfs/data/curated_metagenomes/VatanenT_2016
SRR4305467;VatanenT_2016;SRR4305467_1.fastq.gz;SRR4305467_2.fastq.gz;;True;/gfs/data/curated_metagenomes/VatanenT_2016
SRR4305468;VatanenT_2016;SRR4305468_1.fastq.gz;SRR4305468_2.fastq.gz;;True;/gfs/data/curated_metagenomes/VatanenT_2016
SRR4305469;VatanenT_2016;SRR4305469_1.fastq.gz;SRR4305469_2.fastq.gz;;True;/gfs/data/curated_metagenomes/VatanenT_2016
SRR4305470;VatanenT_2016;SRR4305470_1.fastq.gz;SRR4305470_2.fastq.gz;;True;/gfs/data/curated_metagenomes/VatanenT_2016
SRR4305471;VatanenT_2016;SRR4305471_1.fastq.gz;SRR4305471_2.fastq.gz;;True;/gfs/data/curated_metagenomes/VatanenT_2016
SRR4305472;VatanenT_2016;SRR4305472_1.fastq.gz;SRR4305472_2.fastq.gz;;True;/gfs/data/curated_metagenomes/VatanenT_2016
SRR4305473;VatanenT_2016;SRR4305473_1.fastq.gz;SRR4305473_2.fastq.gz;;True;/gfs/data/curated_metagenomes/VatanenT_2016
SRR4305474;VatanenT_2016;SRR4305474_1.fastq.gz;SRR4305474_2.fastq.gz;;True;/gfs/data/curated_metagenomes/VatanenT_2016
SRR4305475;VatanenT_2016;SRR4305475_1.fastq.gz;SRR4305475_2.fastq.gz;;True;/gfs/data/curated_metagenomes/VatanenT_2016
SRR4305476;VatanenT_2016;SRR4305476_1.fastq.gz;SRR4305476_2.fastq.gz;;True;/gfs/data/curated_metagenomes/VatanenT_2016
SRR4305477;VatanenT_2016;SRR4305477_1.fastq.gz;SRR4305477_2.fastq.gz;;True;/gfs/data/curated_metagenomes/VatanenT_2016
SRR4305478;VatanenT_2016;SRR4305478_1.fastq.gz;SRR4305478_2.fastq.gz;;True;/gfs/data/curated_metagenomes/VatanenT_2016
SRR4305479;VatanenT_2016;SRR4305479_1.fastq.gz;SRR4305479_2.fastq.gz;;True;/gfs/data/curated_metagenomes/VatanenT_2016
SRR4305480;VatanenT_2016;SRR4305480_1.fastq.gz;SRR4305480_2.fastq.gz;;True;/gfs/data/curated_metagenomes/VatanenT_2016
SRR4305481;VatanenT_2016;SRR4305481_1.fastq.gz;SRR4305481_2.fastq.gz;;True;/gfs/data/curated_metagenomes/VatanenT_2016
SRR4305482;VatanenT_2016;SRR4305482_1.fastq.gz;SRR4305482_2.fastq.gz;;True;/gfs/data/curated_metagenomes/VatanenT_2016
SRR4305483;VatanenT_2016;SRR4305483_1.fastq.gz;SRR4305483_2.fastq.gz;;True;/gfs/data/curated_metagenomes/VatanenT_2016
SRR4305484;VatanenT_2016;SRR4305484_1.fastq.gz;SRR4305484_2.fastq.gz;;True;/gfs/data/curated_metagenomes/VatanenT_2016
SRR4305485;VatanenT_2016;SRR4305485_1.fastq.gz;SRR4305485_2.fastq.gz;;True;/gfs/data/curated_metagenomes/VatanenT_2016
SRR4305486;VatanenT_2016;SRR4305486_1.fastq.gz;SRR4305486_2.fastq.gz;;True;/gfs/data/curated_metagenomes/VatanenT_2016
SRR4305487;VatanenT_2016;SRR4305487_1.fastq.gz;SRR4305487_2.fastq.gz;;True;/gfs/data/curated_metagenomes/VatanenT_2016
SRR4305488;VatanenT_2016;SRR4305488_1.fastq.gz;SRR4305488_2.fastq.gz;;True;/gfs/data/curated_metagenomes/VatanenT_2016
SRR4305489;VatanenT_2016;SRR4305489_1.fastq.gz;SRR4305489_2.fastq.gz;;True;/gfs/data/curated_metagenomes/VatanenT_2016
SRR4305490;VatanenT_2016;SRR4305490_1.fastq.gz;SRR4305490_2.fastq.gz;;True;/gfs/data/curated_metagenomes/VatanenT_2016
SRR4305491;VatanenT_2016;SRR4305491_1.fastq.gz;SRR4305491_2.fastq.gz;;True;/gfs/data/curated_metagenomes/VatanenT_2016
SRR4305492;VatanenT_2016;SRR4305492_1.fastq.gz;SRR4305492_2.fastq.gz;;True;/gfs/data/curated_metagenomes/VatanenT_2016
SRR4305493;VatanenT_2016;SRR4305493_1.fastq.gz;SRR4305493_2.fastq.gz;;True;/gfs/data/curated_metagenomes/VatanenT_2016
SRR4305494;VatanenT_2016;SRR4305494_1.fastq.gz;SRR4305494_2.fastq.gz;;True;/gfs/data/curated_metagenomes/VatanenT_2016
SRR4305495;VatanenT_2016;SRR4305495_1.fastq.gz;SRR4305495_2.fastq.gz;;True;/gfs/data/curated_metagenomes/VatanenT_2016
SRR4305496;VatanenT_2016;SRR4305496_1.fastq.gz;SRR4305496_2.fastq.gz;;True;/gfs/data/curated_metagenomes/VatanenT_2016
SRR4305497;VatanenT_2016;SRR4305497_1.fastq.gz;SRR4305497_2.fastq.gz;;True;/gfs/data/curated_metagenomes/VatanenT_2016
SRR4305498;VatanenT_2016;SRR4305498_1.fastq.gz;SRR4305498_2.fastq.gz;;True;/gfs/data/curated_metagenomes/VatanenT_2016
SRR4305499;VatanenT_2016;SRR4305499_1.fastq.gz;SRR4305499_2.fastq.gz;;True;/gfs/data/curated_metagenomes/VatanenT_2016
SRR4305500;VatanenT_2016;SRR4305500_1.fastq.gz;SRR4305500_2.fastq.gz;;True;/gfs/data/curated_metagenomes/VatanenT_2016
SRR4305501;VatanenT_2016;SRR4305501_1.fastq.gz;SRR4305501_2.fastq.gz;;True;/gfs/data/curated_metagenomes/VatanenT_2016
SRR4305502;VatanenT_2016;SRR4305502_1.fastq.gz;SRR4305502_2.fastq.gz;;True;/gfs/data/curated_metagenomes/VatanenT_2016
SRR4305503;VatanenT_2016;SRR4305503_1.fastq.gz;SRR4305503_2.fastq.gz;;True;/gfs/data/curated_metagenomes/VatanenT_2016
SRR4305504;VatanenT_2016;SRR4305504_1.fastq.gz;SRR4305504_2.fastq.gz;;True;/gfs/data/curated_metagenomes/VatanenT_2016
SRR4305505;VatanenT_2016;SRR4305505_1.fastq.gz;SRR4305505_2.fastq.gz;;True;/gfs/data/curated_metagenomes/VatanenT_2016
SRR4305506;VatanenT_2016;SRR4305506_1.fastq.gz;SRR4305506_2.fastq.gz;;True;/gfs/data/curated_metagenomes/VatanenT_2016
SRR4305507;VatanenT_2016;SRR4305507_1.fastq.gz;SRR4305507_2.fastq.gz;;True;/gfs/data/curated_metagenomes/VatanenT_2016
SRR4305508;VatanenT_2016;SRR4305508_1.fastq.gz;SRR4305508_2.fastq.gz;;True;/gfs/data/curated_metagenomes/VatanenT_2016
SRR4305509;VatanenT_2016;SRR4305509_1.fastq.gz;SRR4305509_2.fastq.gz;;True;/gfs/data/curated_metagenomes/VatanenT_2016
SRR4305510;VatanenT_2016;SRR4305510_1.fastq.gz;SRR4305510_2.fastq.gz;;True;/gfs/data/curated_metagenomes/VatanenT_2016
SRR4305511;VatanenT_2016;SRR4305511_1.fastq.gz;SRR4305511_2.fastq.gz;;True;/gfs/data/curated_metagenomes/VatanenT_2016
SRR4305512;VatanenT_2016;SRR4305512_1.fastq.gz;SRR4305512_2.fastq.gz;;True;/gfs/data/curated_metagenomes/VatanenT_2016
SRR4305513;VatanenT_2016;SRR4305513_1.fastq.gz;SRR4305513_2.fastq.gz;;True;/gfs/data/curated_metagenomes/VatanenT_2016
SRR4305514;VatanenT_2016;SRR4305514_1.fastq.gz;SRR4305514_2.fastq.gz;;True;/gfs/data/curated_metagenomes/VatanenT_2016
SRR4305515;VatanenT_2016;SRR4305515_1.fastq.gz;SRR4305515_2.fastq.gz;;True;/gfs/data/curated_metagenomes/VatanenT_2016
SRR4305516;VatanenT_2016;SRR4305516_1.fastq.gz;SRR4305516_2.fastq.gz;;True;/gfs/data/curated_metagenomes/VatanenT_2016
SRR4305517;VatanenT_2016;SRR4305517_1.fastq.gz;SRR4305517_2.fastq.gz;;True;/gfs/data/curated_metagenomes/VatanenT_2016
SRR4305518;VatanenT_2016;SRR4305518_1.fastq.gz;SRR4305518_2.fastq.gz;;True;/gfs/data/curated_metagenomes/VatanenT_2016
SRR4305519;VatanenT_2016;SRR4305519_1.fastq.gz;SRR4305519_2.fastq.gz;;True;/gfs/data/curated_metagenomes/VatanenT_2016
SRR4305520;VatanenT_2016;SRR4305520_1.fastq.gz;SRR4305520_2.fastq.gz;;True;/gfs/data/curated_metagenomes/VatanenT_2016
SRR4305521;VatanenT_2016;SRR4305521_1.fastq.gz;SRR4305521_2.fastq.gz;;True;/gfs/data/curated_metagenomes/VatanenT_2016
SRR4305522;VatanenT_2016;SRR4305522_1.fastq.gz;SRR4305522_2.fastq.gz;;True;/gfs/data/curated_metagenomes/VatanenT_2016
SRR4305523;VatanenT_2016;SRR4305523_1.fastq.gz;SRR4305523_2.fastq.gz;;True;/gfs/data/curated_metagenomes/VatanenT_2016
SRR4305524;VatanenT_2016;SRR4305524_1.fastq.gz;SRR4305524_2.fastq.gz;;True;/gfs/data/curated_metagenomes/VatanenT_2016
SRR4305525;VatanenT_2016;SRR4305525_1.fastq.gz;SRR4305525_2.fastq.gz;;True;/gfs/data/curated_metagenomes/VatanenT_2016
SRR4305526;VatanenT_2016;SRR4305526_1.fastq.gz;SRR4305526_2.fastq.gz;;True;/gfs/data/curated_metagenomes/VatanenT_2016
SRR4305527;VatanenT_2016;SRR4305527_1.fastq.gz;SRR4305527_2.fastq.gz;;True;/gfs/data/curated_metagenomes/VatanenT_2016
SRR4305528;VatanenT_2016;SRR4305528_1.fastq.gz;SRR4305528_2.fastq.gz;;True;/gfs/data/curated_metagenomes/VatanenT_2016
SRR4305529;VatanenT_2016;SRR4305529_1.fastq.gz;SRR4305529_2.fastq.gz;;True;/gfs/data/curated_metagenomes/VatanenT_2016
SRR4305530;VatanenT_2016;SRR4305530_1.fastq.gz;SRR4305530_2.fastq.gz;;True;/gfs/data/curated_metagenomes/VatanenT_2016
SRR4305531;VatanenT_2016;SRR4305531_1.fastq.gz;SRR4305531_2.fastq.gz;;True;/gfs/data/curated_metagenomes/VatanenT_2016
SRR4305532;VatanenT_2016;SRR4305532_1.fastq.gz;SRR4305532_2.fastq.gz;;True;/gfs/data/curated_metagenomes/VatanenT_2016
SRR4408001;VatanenT_2016;SRR4408001_1.fastq.gz;SRR4408001_2.fastq.gz;;True;/gfs/data/curated_metagenomes/VatanenT_2016
SRR4408002;VatanenT_2016;SRR4408002_1.fastq.gz;SRR4408002_2.fastq.gz;;True;/gfs/data/curated_metagenomes/VatanenT_2016
SRR4408003;VatanenT_2016;SRR4408003_1.fastq.gz;SRR4408003_2.fastq.gz;;True;/gfs/data/curated_metagenomes/VatanenT_2016
SRR4408004;VatanenT_2016;SRR4408004_1.fastq.gz;SRR4408004_2.fastq.gz;;True;/gfs/data/curated_metagenomes/VatanenT_2016
SRR4408005;VatanenT_2016;SRR4408005_1.fastq.gz;SRR4408005_2.fastq.gz;;True;/gfs/data/curated_metagenomes/VatanenT_2016
SRR4408006;VatanenT_2016;SRR4408006_1.fastq.gz;SRR4408006_2.fastq.gz;;True;/gfs/data/curated_metagenomes/VatanenT_2016
SRR4408007;VatanenT_2016;SRR4408007_1.fastq.gz;SRR4408007_2.fastq.gz;;True;/gfs/data/curated_metagenomes/VatanenT_2016
SRR4408008;VatanenT_2016;SRR4408008_1.fastq.gz;SRR4408008_2.fastq.gz;;True;/gfs/data/curated_metagenomes/VatanenT_2016
SRR4408009;VatanenT_2016;SRR4408009_1.fastq.gz;SRR4408009_2.fastq.gz;;True;/gfs/data/curated_metagenomes/VatanenT_2016
SRR4408010;VatanenT_2016;SRR4408010_1.fastq.gz;SRR4408010_2.fastq.gz;;True;/gfs/data/curated_metagenomes/VatanenT_2016
SRR4408011;VatanenT_2016;SRR4408011_1.fastq.gz;SRR4408011_2.fastq.gz;;True;/gfs/data/curated_metagenomes/VatanenT_2016
SRR4408012;VatanenT_2016;SRR4408012_1.fastq.gz;SRR4408012_2.fastq.gz;;True;/gfs/data/curated_metagenomes/VatanenT_2016
SRR4408013;VatanenT_2016;SRR4408013_1.fastq.gz;SRR4408013_2.fastq.gz;;True;/gfs/data/curated_metagenomes/VatanenT_2016
SRR4408014;VatanenT_2016;SRR4408014_1.fastq.gz;SRR4408014_2.fastq.gz;;True;/gfs/data/curated_metagenomes/VatanenT_2016
SRR4408015;VatanenT_2016;SRR4408015_1.fastq.gz;SRR4408015_2.fastq.gz;;True;/gfs/data/curated_metagenomes/VatanenT_2016
SRR4408016;VatanenT_2016;SRR4408016_1.fastq.gz;SRR4408016_2.fastq.gz;;True;/gfs/data/curated_metagenomes/VatanenT_2016
SRR4408017;VatanenT_2016;SRR4408017_1.fastq.gz;SRR4408017_2.fastq.gz;;True;/gfs/data/curated_metagenomes/VatanenT_2016
SRR4408018;VatanenT_2016;SRR4408018_1.fastq.gz;SRR4408018_2.fastq.gz;;True;/gfs/data/curated_metagenomes/VatanenT_2016
SRR4408019;VatanenT_2016;SRR4408019_1.fastq.gz;SRR4408019_2.fastq.gz;;True;/gfs/data/curated_metagenomes/VatanenT_2016
SRR4408020;VatanenT_2016;SRR4408020_1.fastq.gz;SRR4408020_2.fastq.gz;;True;/gfs/data/curated_metagenomes/VatanenT_2016
SRR4408021;VatanenT_2016;SRR4408021_1.fastq.gz;SRR4408021_2.fastq.gz;;True;/gfs/data/curated_metagenomes/VatanenT_2016
SRR4408022;VatanenT_2016;SRR4408022_1.fastq.gz;SRR4408022_2.fastq.gz;;True;/gfs/data/curated_metagenomes/VatanenT_2016
SRR4408023;VatanenT_2016;SRR4408023_1.fastq.gz;SRR4408023_2.fastq.gz;;True;/gfs/data/curated_metagenomes/VatanenT_2016
SRR4408024;VatanenT_2016;SRR4408024_1.fastq.gz;SRR4408024_2.fastq.gz;;True;/gfs/data/curated_metagenomes/VatanenT_2016
SRR4408025;VatanenT_2016;SRR4408025_1.fastq.gz;SRR4408025_2.fastq.gz;;True;/gfs/data/curated_metagenomes/VatanenT_2016
SRR4408026;VatanenT_2016;SRR4408026_1.fastq.gz;SRR4408026_2.fastq.gz;;True;/gfs/data/curated_metagenomes/VatanenT_2016
SRR4408027;VatanenT_2016;SRR4408027_1.fastq.gz;SRR4408027_2.fastq.gz;;True;/gfs/data/curated_metagenomes/VatanenT_2016
SRR4408028;VatanenT_2016;SRR4408028_1.fastq.gz;SRR4408028_2.fastq.gz;;True;/gfs/data/curated_metagenomes/VatanenT_2016
SRR4408029;VatanenT_2016;SRR4408029_1.fastq.gz;SRR4408029_2.fastq.gz;;True;/gfs/data/curated_metagenomes/VatanenT_2016
SRR4408030;VatanenT_2016;SRR4408030_1.fastq.gz;SRR4408030_2.fastq.gz;;True;/gfs/data/curated_metagenomes/VatanenT_2016
SRR4408031;VatanenT_2016;SRR4408031_1.fastq.gz;SRR4408031_2.fastq.gz;;True;/gfs/data/curated_metagenomes/VatanenT_2016
SRR4408032;VatanenT_2016;SRR4408032_1.fastq.gz;SRR4408032_2.fastq.gz;;True;/gfs/data/curated_metagenomes/VatanenT_2016
SRR4408033;VatanenT_2016;SRR4408033_1.fastq.gz;SRR4408033_2.fastq.gz;;True;/gfs/data/curated_metagenomes/VatanenT_2016
SRR4408034;VatanenT_2016;SRR4408034_1.fastq.gz;SRR4408034_2.fastq.gz;;True;/gfs/data/curated_metagenomes/VatanenT_2016
SRR4408035;VatanenT_2016;SRR4408035_1.fastq.gz;SRR4408035_2.fastq.gz;;True;/gfs/data/curated_metagenomes/VatanenT_2016
SRR4408036;VatanenT_2016;SRR4408036_1.fastq.gz;SRR4408036_2.fastq.gz;;True;/gfs/data/curated_metagenomes/VatanenT_2016
SRR4408037;VatanenT_2016;SRR4408037_1.fastq.gz;SRR4408037_2.fastq.gz;;True;/gfs/data/curated_metagenomes/VatanenT_2016
SRR4408038;VatanenT_2016;SRR4408038_1.fastq.gz;SRR4408038_2.fastq.gz;;True;/gfs/data/curated_metagenomes/VatanenT_2016
SRR4408039;VatanenT_2016;SRR4408039_1.fastq.gz;SRR4408039_2.fastq.gz;;True;/gfs/data/curated_metagenomes/VatanenT_2016
SRR4408040;VatanenT_2016;SRR4408040_1.fastq.gz;SRR4408040_2.fastq.gz;;True;/gfs/data/curated_metagenomes/VatanenT_2016
SRR4408041;VatanenT_2016;SRR4408041_1.fastq.gz;SRR4408041_2.fastq.gz;;True;/gfs/data/curated_metagenomes/VatanenT_2016
SRR4408042;VatanenT_2016;SRR4408042_1.fastq.gz;SRR4408042_2.fastq.gz;;True;/gfs/data/curated_metagenomes/VatanenT_2016
SRR4408043;VatanenT_2016;SRR4408043_1.fastq.gz;SRR4408043_2.fastq.gz;;True;/gfs/data/curated_metagenomes/VatanenT_2016
SRR4408044;VatanenT_2016;SRR4408044_1.fastq.gz;SRR4408044_2.fastq.gz;;True;/gfs/data/curated_metagenomes/VatanenT_2016
SRR4408045;VatanenT_2016;SRR4408045_1.fastq.gz;SRR4408045_2.fastq.gz;;True;/gfs/data/curated_metagenomes/VatanenT_2016
SRR4408046;VatanenT_2016;SRR4408046_1.fastq.gz;SRR4408046_2.fastq.gz;;True;/gfs/data/curated_metagenomes/VatanenT_2016
SRR4408047;VatanenT_2016;SRR4408047_1.fastq.gz;SRR4408047_2.fastq.gz;;True;/gfs/data/curated_metagenomes/VatanenT_2016
SRR4408048;VatanenT_2016;SRR4408048_1.fastq.gz;SRR4408048_2.fastq.gz;;True;/gfs/data/curated_metagenomes/VatanenT_2016
SRR4408049;VatanenT_2016;SRR4408049_1.fastq.gz;SRR4408049_2.fastq.gz;;True;/gfs/data/curated_metagenomes/VatanenT_2016
SRR4408050;VatanenT_2016;SRR4408050_1.fastq.gz;SRR4408050_2.fastq.gz;;True;/gfs/data/curated_metagenomes/VatanenT_2016
SRR4408051;VatanenT_2016;SRR4408051_1.fastq.gz;SRR4408051_2.fastq.gz;;True;/gfs/data/curated_metagenomes/VatanenT_2016
SRR4408052;VatanenT_2016;SRR4408052_1.fastq.gz;SRR4408052_2.fastq.gz;;True;/gfs/data/curated_metagenomes/VatanenT_2016
SRR4408053;VatanenT_2016;SRR4408053_1.fastq.gz;SRR4408053_2.fastq.gz;;True;/gfs/data/curated_metagenomes/VatanenT_2016
SRR4408054;VatanenT_2016;SRR4408054_1.fastq.gz;SRR4408054_2.fastq.gz;;True;/gfs/data/curated_metagenomes/VatanenT_2016
SRR4408055;VatanenT_2016;SRR4408055_1.fastq.gz;SRR4408055_2.fastq.gz;;True;/gfs/data/curated_metagenomes/VatanenT_2016
SRR4408056;VatanenT_2016;SRR4408056_1.fastq.gz;SRR4408056_2.fastq.gz;;True;/gfs/data/curated_metagenomes/VatanenT_2016
SRR4408057;VatanenT_2016;SRR4408057_1.fastq.gz;SRR4408057_2.fastq.gz;;True;/gfs/data/curated_metagenomes/VatanenT_2016
SRR4408058;VatanenT_2016;SRR4408058_1.fastq.gz;SRR4408058_2.fastq.gz;;True;/gfs/data/curated_metagenomes/VatanenT_2016
SRR4408059;VatanenT_2016;SRR4408059_1.fastq.gz;SRR4408059_2.fastq.gz;;True;/gfs/data/curated_metagenomes/VatanenT_2016
SRR4408060;VatanenT_2016;SRR4408060_1.fastq.gz;SRR4408060_2.fastq.gz;;True;/gfs/data/curated_metagenomes/VatanenT_2016
SRR4408061;VatanenT_2016;SRR4408061_1.fastq.gz;SRR4408061_2.fastq.gz;;True;/gfs/data/curated_metagenomes/VatanenT_2016
SRR4408062;VatanenT_2016;SRR4408062_1.fastq.gz;SRR4408062_2.fastq.gz;;True;/gfs/data/curated_metagenomes/VatanenT_2016
SRR4408063;VatanenT_2016;SRR4408063_1.fastq.gz;SRR4408063_2.fastq.gz;;True;/gfs/data/curated_metagenomes/VatanenT_2016
SRR4408064;VatanenT_2016;SRR4408064_1.fastq.gz;SRR4408064_2.fastq.gz;;True;/gfs/data/curated_metagenomes/VatanenT_2016
SRR4408065;VatanenT_2016;SRR4408065_1.fastq.gz;SRR4408065_2.fastq.gz;;True;/gfs/data/curated_metagenomes/VatanenT_2016
SRR4408066;VatanenT_2016;SRR4408066_1.fastq.gz;SRR4408066_2.fastq.gz;;True;/gfs/data/curated_metagenomes/VatanenT_2016
SRR4408067;VatanenT_2016;SRR4408067_1.fastq.gz;SRR4408067_2.fastq.gz;;True;/gfs/data/curated_metagenomes/VatanenT_2016
SRR4408068;VatanenT_2016;SRR4408068_1.fastq.gz;SRR4408068_2.fastq.gz;;True;/gfs/data/curated_metagenomes/VatanenT_2016
SRR4408069;VatanenT_2016;SRR4408069_1.fastq.gz;SRR4408069_2.fastq.gz;;True;/gfs/data/curated_metagenomes/VatanenT_2016
SRR4408070;VatanenT_2016;SRR4408070_1.fastq.gz;SRR4408070_2.fastq.gz;;True;/gfs/data/curated_metagenomes/VatanenT_2016
SRR4408071;VatanenT_2016;SRR4408071_1.fastq.gz;SRR4408071_2.fastq.gz;;True;/gfs/data/curated_metagenomes/VatanenT_2016
SRR4408072;VatanenT_2016;SRR4408072_1.fastq.gz;SRR4408072_2.fastq.gz;;True;/gfs/data/curated_metagenomes/VatanenT_2016
SRR4408073;VatanenT_2016;SRR4408073_1.fastq.gz;SRR4408073_2.fastq.gz;;True;/gfs/data/curated_metagenomes/VatanenT_2016
SRR4408074;VatanenT_2016;SRR4408074_1.fastq.gz;SRR4408074_2.fastq.gz;;True;/gfs/data/curated_metagenomes/VatanenT_2016
SRR4408075;VatanenT_2016;SRR4408075_1.fastq.gz;SRR4408075_2.fastq.gz;;True;/gfs/data/curated_metagenomes/VatanenT_2016
SRR4408076;VatanenT_2016;SRR4408076_1.fastq.gz;SRR4408076_2.fastq.gz;;True;/gfs/data/curated_metagenomes/VatanenT_2016
SRR4408077;VatanenT_2016;SRR4408077_1.fastq.gz;SRR4408077_2.fastq.gz;;True;/gfs/data/curated_metagenomes/VatanenT_2016
SRR4408078;VatanenT_2016;SRR4408078_1.fastq.gz;SRR4408078_2.fastq.gz;;True;/gfs/data/curated_metagenomes/VatanenT_2016
SRR4408079;VatanenT_2016;SRR4408079_1.fastq.gz;SRR4408079_2.fastq.gz;;True;/gfs/data/curated_metagenomes/VatanenT_2016
SRR4408080;VatanenT_2016;SRR4408080_1.fastq.gz;SRR4408080_2.fastq.gz;;True;/gfs/data/curated_metagenomes/VatanenT_2016
SRR4408081;VatanenT_2016;SRR4408081_1.fastq.gz;SRR4408081_2.fastq.gz;;True;/gfs/data/curated_metagenomes/VatanenT_2016
SRR4408082;VatanenT_2016;SRR4408082_1.fastq.gz;SRR4408082_2.fastq.gz;;True;/gfs/data/curated_metagenomes/VatanenT_2016
SRR4408083;VatanenT_2016;SRR4408083_1.fastq.gz;SRR4408083_2.fastq.gz;;True;/gfs/data/curated_metagenomes/VatanenT_2016
SRR4408084;VatanenT_2016;SRR4408084_1.fastq.gz;SRR4408084_2.fastq.gz;;True;/gfs/data/curated_metagenomes/VatanenT_2016
SRR4408085;VatanenT_2016;SRR4408085_1.fastq.gz;SRR4408085_2.fastq.gz;;True;/gfs/data/curated_metagenomes/VatanenT_2016
SRR4408086;VatanenT_2016;SRR4408086_1.fastq.gz;SRR4408086_2.fastq.gz;;True;/gfs/data/curated_metagenomes/VatanenT_2016
SRR4408087;VatanenT_2016;SRR4408087_1.fastq.gz;SRR4408087_2.fastq.gz;;True;/gfs/data/curated_metagenomes/VatanenT_2016
SRR4408088;VatanenT_2016;SRR4408088_1.fastq.gz;SRR4408088_2.fastq.gz;;True;/gfs/data/curated_metagenomes/VatanenT_2016
SRR4408089;VatanenT_2016;SRR4408089_1.fastq.gz;SRR4408089_2.fastq.gz;;True;/gfs/data/curated_metagenomes/VatanenT_2016
SRR4408090;VatanenT_2016;SRR4408090_1.fastq.gz;SRR4408090_2.fastq.gz;;True;/gfs/data/curated_metagenomes/VatanenT_2016
SRR4408091;VatanenT_2016;SRR4408091_1.fastq.gz;SRR4408091_2.fastq.gz;;True;/gfs/data/curated_metagenomes/VatanenT_2016
SRR4408092;VatanenT_2016;SRR4408092_1.fastq.gz;SRR4408092_2.fastq.gz;;True;/gfs/data/curated_metagenomes/VatanenT_2016
SRR4408093;VatanenT_2016;SRR4408093_1.fastq.gz;SRR4408093_2.fastq.gz;;True;/gfs/data/curated_metagenomes/VatanenT_2016
SRR4408094;VatanenT_2016;SRR4408094_1.fastq.gz;SRR4408094_2.fastq.gz;;True;/gfs/data/curated_metagenomes/VatanenT_2016
SRR4408095;VatanenT_2016;SRR4408095_1.fastq.gz;SRR4408095_2.fastq.gz;;True;/gfs/data/curated_metagenomes/VatanenT_2016
SRR4408096;VatanenT_2016;SRR4408096_1.fastq.gz;SRR4408096_2.fastq.gz;;True;/gfs/data/curated_metagenomes/VatanenT_2016
SRR4408097;VatanenT_2016;SRR4408097_1.fastq.gz;SRR4408097_2.fastq.gz;;True;/gfs/data/curated_metagenomes/VatanenT_2016
SRR4408098;VatanenT_2016;SRR4408098_1.fastq.gz;SRR4408098_2.fastq.gz;;True;/gfs/data/curated_metagenomes/VatanenT_2016
SRR4408099;VatanenT_2016;SRR4408099_1.fastq.gz;SRR4408099_2.fastq.gz;;True;/gfs/data/curated_metagenomes/VatanenT_2016
SRR4408100;VatanenT_2016;SRR4408100_1.fastq.gz;SRR4408100_2.fastq.gz;;True;/gfs/data/curated_metagenomes/VatanenT_2016
SRR4408101;VatanenT_2016;SRR4408101_1.fastq.gz;SRR4408101_2.fastq.gz;;True;/gfs/data/curated_metagenomes/VatanenT_2016
SRR4408102;VatanenT_2016;SRR4408102_1.fastq.gz;SRR4408102_2.fastq.gz;;True;/gfs/data/curated_metagenomes/VatanenT_2016
SRR4408103;VatanenT_2016;SRR4408103_1.fastq.gz;SRR4408103_2.fastq.gz;;True;/gfs/data/curated_metagenomes/VatanenT_2016
SRR4408104;VatanenT_2016;SRR4408104_1.fastq.gz;SRR4408104_2.fastq.gz;;True;/gfs/data/curated_metagenomes/VatanenT_2016
SRR4408105;VatanenT_2016;SRR4408105_1.fastq.gz;SRR4408105_2.fastq.gz;;True;/gfs/data/curated_metagenomes/VatanenT_2016
SRR4408106;VatanenT_2016;SRR4408106_1.fastq.gz;SRR4408106_2.fastq.gz;;True;/gfs/data/curated_metagenomes/VatanenT_2016
SRR4408107;VatanenT_2016;SRR4408107_1.fastq.gz;SRR4408107_2.fastq.gz;;True;/gfs/data/curated_metagenomes/VatanenT_2016
SRR4408108;VatanenT_2016;SRR4408108_1.fastq.gz;SRR4408108_2.fastq.gz;;True;/gfs/data/curated_metagenomes/VatanenT_2016
SRR4408109;VatanenT_2016;SRR4408109_1.fastq.gz;SRR4408109_2.fastq.gz;;True;/gfs/data/curated_metagenomes/VatanenT_2016
SRR4408117;VatanenT_2016;SRR4408117_1.fastq.gz;SRR4408117_2.fastq.gz;;True;/gfs/data/curated_metagenomes/VatanenT_2016
SRR4408118;VatanenT_2016;SRR4408118_1.fastq.gz;SRR4408118_2.fastq.gz;;True;/gfs/data/curated_metagenomes/VatanenT_2016
SRR4408119;VatanenT_2016;SRR4408119_1.fastq.gz;SRR4408119_2.fastq.gz;;True;/gfs/data/curated_metagenomes/VatanenT_2016
SRR4408120;VatanenT_2016;SRR4408120_1.fastq.gz;SRR4408120_2.fastq.gz;;True;/gfs/data/curated_metagenomes/VatanenT_2016
SRR4408121;VatanenT_2016;SRR4408121_1.fastq.gz;SRR4408121_2.fastq.gz;;True;/gfs/data/curated_metagenomes/VatanenT_2016
SRR4408122;VatanenT_2016;SRR4408122_1.fastq.gz;SRR4408122_2.fastq.gz;;True;/gfs/data/curated_metagenomes/VatanenT_2016
SRR4408123;VatanenT_2016;SRR4408123_1.fastq.gz;SRR4408123_2.fastq.gz;;True;/gfs/data/curated_metagenomes/VatanenT_2016
SRR4408124;VatanenT_2016;SRR4408124_1.fastq.gz;SRR4408124_2.fastq.gz;;True;/gfs/data/curated_metagenomes/VatanenT_2016
SRR4408125;VatanenT_2016;SRR4408125_1.fastq.gz;SRR4408125_2.fastq.gz;;True;/gfs/data/curated_metagenomes/VatanenT_2016
SRR4408126;VatanenT_2016;SRR4408126_1.fastq.gz;SRR4408126_2.fastq.gz;;True;/gfs/data/curated_metagenomes/VatanenT_2016
SRR4408127;VatanenT_2016;SRR4408127_1.fastq.gz;SRR4408127_2.fastq.gz;;True;/gfs/data/curated_metagenomes/VatanenT_2016
SRR4408128;VatanenT_2016;SRR4408128_1.fastq.gz;SRR4408128_2.fastq.gz;;True;/gfs/data/curated_metagenomes/VatanenT_2016
SRR4408129;VatanenT_2016;SRR4408129_1.fastq.gz;SRR4408129_2.fastq.gz;;True;/gfs/data/curated_metagenomes/VatanenT_2016
SRR4408130;VatanenT_2016;SRR4408130_1.fastq.gz;SRR4408130_2.fastq.gz;;True;/gfs/data/curated_metagenomes/VatanenT_2016
SRR4408131;VatanenT_2016;SRR4408131_1.fastq.gz;SRR4408131_2.fastq.gz;;True;/gfs/data/curated_metagenomes/VatanenT_2016
SRR4408132;VatanenT_2016;SRR4408132_1.fastq.gz;SRR4408132_2.fastq.gz;;True;/gfs/data/curated_metagenomes/VatanenT_2016
SRR4408133;VatanenT_2016;SRR4408133_1.fastq.gz;SRR4408133_2.fastq.gz;;True;/gfs/data/curated_metagenomes/VatanenT_2016
SRR4408134;VatanenT_2016;SRR4408134_1.fastq.gz;SRR4408134_2.fastq.gz;;True;/gfs/data/curated_metagenomes/VatanenT_2016
SRR4408135;VatanenT_2016;SRR4408135_1.fastq.gz;SRR4408135_2.fastq.gz;;True;/gfs/data/curated_metagenomes/VatanenT_2016
SRR4408136;VatanenT_2016;SRR4408136_1.fastq.gz;SRR4408136_2.fastq.gz;;True;/gfs/data/curated_metagenomes/VatanenT_2016
SRR4408137;VatanenT_2016;SRR4408137_1.fastq.gz;SRR4408137_2.fastq.gz;;True;/gfs/data/curated_metagenomes/VatanenT_2016
SRR4408138;VatanenT_2016;SRR4408138_1.fastq.gz;SRR4408138_2.fastq.gz;;True;/gfs/data/curated_metagenomes/VatanenT_2016
SRR4408139;VatanenT_2016;SRR4408139_1.fastq.gz;SRR4408139_2.fastq.gz;;True;/gfs/data/curated_metagenomes/VatanenT_2016
SRR4408140;VatanenT_2016;SRR4408140_1.fastq.gz;SRR4408140_2.fastq.gz;;True;/gfs/data/curated_metagenomes/VatanenT_2016
SRR4408141;VatanenT_2016;SRR4408141_1.fastq.gz;SRR4408141_2.fastq.gz;;True;/gfs/data/curated_metagenomes/VatanenT_2016
SRR4408142;VatanenT_2016;SRR4408142_1.fastq.gz;SRR4408142_2.fastq.gz;;True;/gfs/data/curated_metagenomes/VatanenT_2016
SRR4408143;VatanenT_2016;SRR4408143_1.fastq.gz;SRR4408143_2.fastq.gz;;True;/gfs/data/curated_metagenomes/VatanenT_2016
SRR4408144;VatanenT_2016;SRR4408144_1.fastq.gz;SRR4408144_2.fastq.gz;;True;/gfs/data/curated_metagenomes/VatanenT_2016
SRR4408145;VatanenT_2016;SRR4408145_1.fastq.gz;SRR4408145_2.fastq.gz;;True;/gfs/data/curated_metagenomes/VatanenT_2016
SRR4408146;VatanenT_2016;SRR4408146_1.fastq.gz;SRR4408146_2.fastq.gz;;True;/gfs/data/curated_metagenomes/VatanenT_2016
SRR4408147;VatanenT_2016;SRR4408147_1.fastq.gz;SRR4408147_2.fastq.gz;;True;/gfs/data/curated_metagenomes/VatanenT_2016
SRR4408148;VatanenT_2016;SRR4408148_1.fastq.gz;SRR4408148_2.fastq.gz;;True;/gfs/data/curated_metagenomes/VatanenT_2016
SRR4408149;VatanenT_2016;SRR4408149_1.fastq.gz;SRR4408149_2.fastq.gz;;True;/gfs/data/curated_metagenomes/VatanenT_2016
SRR4408150;VatanenT_2016;SRR4408150_1.fastq.gz;SRR4408150_2.fastq.gz;;True;/gfs/data/curated_metagenomes/VatanenT_2016
SRR4408151;VatanenT_2016;SRR4408151_1.fastq.gz;SRR4408151_2.fastq.gz;;True;/gfs/data/curated_metagenomes/VatanenT_2016
SRR4408152;VatanenT_2016;SRR4408152_1.fastq.gz;SRR4408152_2.fastq.gz;;True;/gfs/data/curated_metagenomes/VatanenT_2016
SRR4408153;VatanenT_2016;SRR4408153_1.fastq.gz;SRR4408153_2.fastq.gz;;True;/gfs/data/curated_metagenomes/VatanenT_2016
SRR4408154;VatanenT_2016;SRR4408154_1.fastq.gz;SRR4408154_2.fastq.gz;;True;/gfs/data/curated_metagenomes/VatanenT_2016
SRR4408155;VatanenT_2016;SRR4408155_1.fastq.gz;SRR4408155_2.fastq.gz;;True;/gfs/data/curated_metagenomes/VatanenT_2016
SRR4408156;VatanenT_2016;SRR4408156_1.fastq.gz;SRR4408156_2.fastq.gz;;True;/gfs/data/curated_metagenomes/VatanenT_2016
SRR4408157;VatanenT_2016;SRR4408157_1.fastq.gz;SRR4408157_2.fastq.gz;;True;/gfs/data/curated_metagenomes/VatanenT_2016
SRR4408158;VatanenT_2016;SRR4408158_1.fastq.gz;SRR4408158_2.fastq.gz;;True;/gfs/data/curated_metagenomes/VatanenT_2016
SRR4408159;VatanenT_2016;SRR4408159_1.fastq.gz;SRR4408159_2.fastq.gz;;True;/gfs/data/curated_metagenomes/VatanenT_2016
SRR4408160;VatanenT_2016;SRR4408160_1.fastq.gz;SRR4408160_2.fastq.gz;;True;/gfs/data/curated_metagenomes/VatanenT_2016
SRR4408161;VatanenT_2016;SRR4408161_1.fastq.gz;SRR4408161_2.fastq.gz;;True;/gfs/data/curated_metagenomes/VatanenT_2016
SRR4408162;VatanenT_2016;SRR4408162_1.fastq.gz;SRR4408162_2.fastq.gz;;True;/gfs/data/curated_metagenomes/VatanenT_2016
SRR4408163;VatanenT_2016;SRR4408163_1.fastq.gz;SRR4408163_2.fastq.gz;;True;/gfs/data/curated_metagenomes/VatanenT_2016
SRR4408164;VatanenT_2016;SRR4408164_1.fastq.gz;SRR4408164_2.fastq.gz;;True;/gfs/data/curated_metagenomes/VatanenT_2016
SRR4408165;VatanenT_2016;SRR4408165_1.fastq.gz;SRR4408165_2.fastq.gz;;True;/gfs/data/curated_metagenomes/VatanenT_2016
SRR4408166;VatanenT_2016;SRR4408166_1.fastq.gz;SRR4408166_2.fastq.gz;;True;/gfs/data/curated_metagenomes/VatanenT_2016
SRR4408167;VatanenT_2016;SRR4408167_1.fastq.gz;SRR4408167_2.fastq.gz;;True;/gfs/data/curated_metagenomes/VatanenT_2016
SRR4408168;VatanenT_2016;SRR4408168_1.fastq.gz;SRR4408168_2.fastq.gz;;True;/gfs/data/curated_metagenomes/VatanenT_2016
SRR4408169;VatanenT_2016;SRR4408169_1.fastq.gz;SRR4408169_2.fastq.gz;;True;/gfs/data/curated_metagenomes/VatanenT_2016
SRR4408170;VatanenT_2016;SRR4408170_1.fastq.gz;SRR4408170_2.fastq.gz;;True;/gfs/data/curated_metagenomes/VatanenT_2016
SRR4408171;VatanenT_2016;SRR4408171_1.fastq.gz;SRR4408171_2.fastq.gz;;True;/gfs/data/curated_metagenomes/VatanenT_2016
SRR4408172;VatanenT_2016;SRR4408172_1.fastq.gz;SRR4408172_2.fastq.gz;;True;/gfs/data/curated_metagenomes/VatanenT_2016
SRR4408173;VatanenT_2016;SRR4408173_1.fastq.gz;SRR4408173_2.fastq.gz;;True;/gfs/data/curated_metagenomes/VatanenT_2016
SRR4408174;VatanenT_2016;SRR4408174_1.fastq.gz;SRR4408174_2.fastq.gz;;True;/gfs/data/curated_metagenomes/VatanenT_2016
SRR4408175;VatanenT_2016;SRR4408175_1.fastq.gz;SRR4408175_2.fastq.gz;;True;/gfs/data/curated_metagenomes/VatanenT_2016
SRR4408176;VatanenT_2016;SRR4408176_1.fastq.gz;SRR4408176_2.fastq.gz;;True;/gfs/data/curated_metagenomes/VatanenT_2016
SRR4408177;VatanenT_2016;SRR4408177_1.fastq.gz;SRR4408177_2.fastq.gz;;True;/gfs/data/curated_metagenomes/VatanenT_2016
SRR4408178;VatanenT_2016;SRR4408178_1.fastq.gz;SRR4408178_2.fastq.gz;;True;/gfs/data/curated_metagenomes/VatanenT_2016
SRR4408179;VatanenT_2016;SRR4408179_1.fastq.gz;SRR4408179_2.fastq.gz;;True;/gfs/data/curated_metagenomes/VatanenT_2016
SRR4408180;VatanenT_2016;SRR4408180_1.fastq.gz;SRR4408180_2.fastq.gz;;True;/gfs/data/curated_metagenomes/VatanenT_2016
SRR4408181;VatanenT_2016;SRR4408181_1.fastq.gz;SRR4408181_2.fastq.gz;;True;/gfs/data/curated_metagenomes/VatanenT_2016
SRR4408182;VatanenT_2016;SRR4408182_1.fastq.gz;SRR4408182_2.fastq.gz;;True;/gfs/data/curated_metagenomes/VatanenT_2016
SRR4408183;VatanenT_2016;SRR4408183_1.fastq.gz;SRR4408183_2.fastq.gz;;True;/gfs/data/curated_metagenomes/VatanenT_2016
SRR4408184;VatanenT_2016;SRR4408184_1.fastq.gz;SRR4408184_2.fastq.gz;;True;/gfs/data/curated_metagenomes/VatanenT_2016
SRR4408185;VatanenT_2016;SRR4408185_1.fastq.gz;SRR4408185_2.fastq.gz;;True;/gfs/data/curated_metagenomes/VatanenT_2016
SRR4408186;VatanenT_2016;SRR4408186_1.fastq.gz;SRR4408186_2.fastq.gz;;True;/gfs/data/curated_metagenomes/VatanenT_2016
SRR4408187;VatanenT_2016;SRR4408187_1.fastq.gz;SRR4408187_2.fastq.gz;;True;/gfs/data/curated_metagenomes/VatanenT_2016
SRR4408188;VatanenT_2016;SRR4408188_1.fastq.gz;SRR4408188_2.fastq.gz;;True;/gfs/data/curated_metagenomes/VatanenT_2016
SRR4408189;VatanenT_2016;SRR4408189_1.fastq.gz;SRR4408189_2.fastq.gz;;True;/gfs/data/curated_metagenomes/VatanenT_2016
SRR4408190;VatanenT_2016;SRR4408190_1.fastq.gz;SRR4408190_2.fastq.gz;;True;/gfs/data/curated_metagenomes/VatanenT_2016
SRR4408191;VatanenT_2016;SRR4408191_1.fastq.gz;SRR4408191_2.fastq.gz;;True;/gfs/data/curated_metagenomes/VatanenT_2016
SRR4408192;VatanenT_2016;SRR4408192_1.fastq.gz;SRR4408192_2.fastq.gz;;True;/gfs/data/curated_metagenomes/VatanenT_2016
SRR4408193;VatanenT_2016;SRR4408193_1.fastq.gz;SRR4408193_2.fastq.gz;;True;/gfs/data/curated_metagenomes/VatanenT_2016
SRR4408194;VatanenT_2016;SRR4408194_1.fastq.gz;SRR4408194_2.fastq.gz;;True;/gfs/data/curated_metagenomes/VatanenT_2016
SRR4408195;VatanenT_2016;SRR4408195_1.fastq.gz;SRR4408195_2.fastq.gz;;True;/gfs/data/curated_metagenomes/VatanenT_2016
SRR4408196;VatanenT_2016;SRR4408196_1.fastq.gz;SRR4408196_2.fastq.gz;;True;/gfs/data/curated_metagenomes/VatanenT_2016
SRR4408197;VatanenT_2016;SRR4408197_1.fastq.gz;SRR4408197_2.fastq.gz;;True;/gfs/data/curated_metagenomes/VatanenT_2016
SRR4408198;VatanenT_2016;SRR4408198_1.fastq.gz;SRR4408198_2.fastq.gz;;True;/gfs/data/curated_metagenomes/VatanenT_2016
SRR4408199;VatanenT_2016;SRR4408199_1.fastq.gz;SRR4408199_2.fastq.gz;;True;/gfs/data/curated_metagenomes/VatanenT_2016
SRR4408200;VatanenT_2016;SRR4408200_1.fastq.gz;SRR4408200_2.fastq.gz;;True;/gfs/data/curated_metagenomes/VatanenT_2016
SRR4408201;VatanenT_2016;SRR4408201_1.fastq.gz;SRR4408201_2.fastq.gz;;True;/gfs/data/curated_metagenomes/VatanenT_2016
SRR4408202;VatanenT_2016;SRR4408202_1.fastq.gz;SRR4408202_2.fastq.gz;;True;/gfs/data/curated_metagenomes/VatanenT_2016
SRR4408203;VatanenT_2016;SRR4408203_1.fastq.gz;SRR4408203_2.fastq.gz;;True;/gfs/data/curated_metagenomes/VatanenT_2016
SRR4408204;VatanenT_2016;SRR4408204_1.fastq.gz;SRR4408204_2.fastq.gz;;True;/gfs/data/curated_metagenomes/VatanenT_2016
SRR4408205;VatanenT_2016;SRR4408205_1.fastq.gz;SRR4408205_2.fastq.gz;;True;/gfs/data/curated_metagenomes/VatanenT_2016
SRR4408206;VatanenT_2016;SRR4408206_1.fastq.gz;SRR4408206_2.fastq.gz;;True;/gfs/data/curated_metagenomes/VatanenT_2016
SRR4408207;VatanenT_2016;SRR4408207_1.fastq.gz;SRR4408207_2.fastq.gz;;True;/gfs/data/curated_metagenomes/VatanenT_2016
SRR4408208;VatanenT_2016;SRR4408208_1.fastq.gz;SRR4408208_2.fastq.gz;;True;/gfs/data/curated_metagenomes/VatanenT_2016
SRR4408209;VatanenT_2016;SRR4408209_1.fastq.gz;SRR4408209_2.fastq.gz;;True;/gfs/data/curated_metagenomes/VatanenT_2016
SRR4408210;VatanenT_2016;SRR4408210_1.fastq.gz;SRR4408210_2.fastq.gz;;True;/gfs/data/curated_metagenomes/VatanenT_2016
SRR4408211;VatanenT_2016;SRR4408211_1.fastq.gz;SRR4408211_2.fastq.gz;;True;/gfs/data/curated_metagenomes/VatanenT_2016
SRR4408212;VatanenT_2016;SRR4408212_1.fastq.gz;SRR4408212_2.fastq.gz;;True;/gfs/data/curated_metagenomes/VatanenT_2016
SRR4408213;VatanenT_2016;SRR4408213_1.fastq.gz;SRR4408213_2.fastq.gz;;True;/gfs/data/curated_metagenomes/VatanenT_2016
SRR4408214;VatanenT_2016;SRR4408214_1.fastq.gz;SRR4408214_2.fastq.gz;;True;/gfs/data/curated_metagenomes/VatanenT_2016
SRR4408215;VatanenT_2016;SRR4408215_1.fastq.gz;SRR4408215_2.fastq.gz;;True;/gfs/data/curated_metagenomes/VatanenT_2016
SRR4408216;VatanenT_2016;SRR4408216_1.fastq.gz;SRR4408216_2.fastq.gz;;True;/gfs/data/curated_metagenomes/VatanenT_2016
SRR4408217;VatanenT_2016;SRR4408217_1.fastq.gz;SRR4408217_2.fastq.gz;;True;/gfs/data/curated_metagenomes/VatanenT_2016
SRR4408218;VatanenT_2016;SRR4408218_1.fastq.gz;SRR4408218_2.fastq.gz;;True;/gfs/data/curated_metagenomes/VatanenT_2016
SRR4408219;VatanenT_2016;SRR4408219_1.fastq.gz;SRR4408219_2.fastq.gz;;True;/gfs/data/curated_metagenomes/VatanenT_2016
SRR4408220;VatanenT_2016;SRR4408220_1.fastq.gz;SRR4408220_2.fastq.gz;;True;/gfs/data/curated_metagenomes/VatanenT_2016
SRR4408221;VatanenT_2016;SRR4408221_1.fastq.gz;SRR4408221_2.fastq.gz;;True;/gfs/data/curated_metagenomes/VatanenT_2016
SRR4408222;VatanenT_2016;SRR4408222_1.fastq.gz;SRR4408222_2.fastq.gz;;True;/gfs/data/curated_metagenomes/VatanenT_2016
SRR4408223;VatanenT_2016;SRR4408223_1.fastq.gz;SRR4408223_2.fastq.gz;;True;/gfs/data/curated_metagenomes/VatanenT_2016
SRR4408224;VatanenT_2016;SRR4408224_1.fastq.gz;SRR4408224_2.fastq.gz;;True;/gfs/data/curated_metagenomes/VatanenT_2016
SRR4408225;VatanenT_2016;SRR4408225_1.fastq.gz;SRR4408225_2.fastq.gz;;True;/gfs/data/curated_metagenomes/VatanenT_2016
SRR4408226;VatanenT_2016;SRR4408226_1.fastq.gz;SRR4408226_2.fastq.gz;;True;/gfs/data/curated_metagenomes/VatanenT_2016
SRR4408227;VatanenT_2016;SRR4408227_1.fastq.gz;SRR4408227_2.fastq.gz;;True;/gfs/data/curated_metagenomes/VatanenT_2016
SRR4408228;VatanenT_2016;SRR4408228_1.fastq.gz;SRR4408228_2.fastq.gz;;True;/gfs/data/curated_metagenomes/VatanenT_2016
SRR4408229;VatanenT_2016;SRR4408229_1.fastq.gz;SRR4408229_2.fastq.gz;;True;/gfs/data/curated_metagenomes/VatanenT_2016
SRR4408230;VatanenT_2016;SRR4408230_1.fastq.gz;SRR4408230_2.fastq.gz;;True;/gfs/data/curated_metagenomes/VatanenT_2016
SRR4408231;VatanenT_2016;SRR4408231_1.fastq.gz;SRR4408231_2.fastq.gz;;True;/gfs/data/curated_metagenomes/VatanenT_2016
SRR4408232;VatanenT_2016;SRR4408232_1.fastq.gz;SRR4408232_2.fastq.gz;;True;/gfs/data/curated_metagenomes/VatanenT_2016
SRR4408233;VatanenT_2016;SRR4408233_1.fastq.gz;SRR4408233_2.fastq.gz;;True;/gfs/data/curated_metagenomes/VatanenT_2016
SRR4408234;VatanenT_2016;SRR4408234_1.fastq.gz;SRR4408234_2.fastq.gz;;True;/gfs/data/curated_metagenomes/VatanenT_2016
SRR4408235;VatanenT_2016;SRR4408235_1.fastq.gz;SRR4408235_2.fastq.gz;;True;/gfs/data/curated_metagenomes/VatanenT_2016
SRR4408236;VatanenT_2016;SRR4408236_1.fastq.gz;SRR4408236_2.fastq.gz;;True;/gfs/data/curated_metagenomes/VatanenT_2016
SRR4408237;VatanenT_2016;SRR4408237_1.fastq.gz;SRR4408237_2.fastq.gz;;True;/gfs/data/curated_metagenomes/VatanenT_2016
SRR4408238;VatanenT_2016;SRR4408238_1.fastq.gz;SRR4408238_2.fastq.gz;;True;/gfs/data/curated_metagenomes/VatanenT_2016
SRR4408239;VatanenT_2016;SRR4408239_1.fastq.gz;SRR4408239_2.fastq.gz;;True;/gfs/data/curated_metagenomes/VatanenT_2016
SRR4408240;VatanenT_2016;SRR4408240_1.fastq.gz;SRR4408240_2.fastq.gz;;True;/gfs/data/curated_metagenomes/VatanenT_2016
SRR4408241;VatanenT_2016;SRR4408241_1.fastq.gz;SRR4408241_2.fastq.gz;;True;/gfs/data/curated_metagenomes/VatanenT_2016
SRR4408242;VatanenT_2016;SRR4408242_1.fastq.gz;SRR4408242_2.fastq.gz;;True;/gfs/data/curated_metagenomes/VatanenT_2016
SRR4408243;VatanenT_2016;SRR4408243_1.fastq.gz;SRR4408243_2.fastq.gz;;True;/gfs/data/curated_metagenomes/VatanenT_2016
SRR4408244;VatanenT_2016;SRR4408244_1.fastq.gz;SRR4408244_2.fastq.gz;;True;/gfs/data/curated_metagenomes/VatanenT_2016
SRR4408245;VatanenT_2016;SRR4408245_1.fastq.gz;SRR4408245_2.fastq.gz;;True;/gfs/data/curated_metagenomes/VatanenT_2016
SRR4408246;VatanenT_2016;SRR4408246_1.fastq.gz;SRR4408246_2.fastq.gz;;True;/gfs/data/curated_metagenomes/VatanenT_2016
SRR4408247;VatanenT_2016;SRR4408247_1.fastq.gz;SRR4408247_2.fastq.gz;;True;/gfs/data/curated_metagenomes/VatanenT_2016
SRR4408248;VatanenT_2016;SRR4408248_1.fastq.gz;SRR4408248_2.fastq.gz;;True;/gfs/data/curated_metagenomes/VatanenT_2016
SRR4408249;VatanenT_2016;SRR4408249_1.fastq.gz;SRR4408249_2.fastq.gz;;True;/gfs/data/curated_metagenomes/VatanenT_2016
SRR4408250;VatanenT_2016;SRR4408250_1.fastq.gz;SRR4408250_2.fastq.gz;;True;/gfs/data/curated_metagenomes/VatanenT_2016
SRR4408251;VatanenT_2016;SRR4408251_1.fastq.gz;SRR4408251_2.fastq.gz;;True;/gfs/data/curated_metagenomes/VatanenT_2016
SRR4408252;VatanenT_2016;SRR4408252_1.fastq.gz;SRR4408252_2.fastq.gz;;True;/gfs/data/curated_metagenomes/VatanenT_2016
SRR4408253;VatanenT_2016;SRR4408253_1.fastq.gz;SRR4408253_2.fastq.gz;;True;/gfs/data/curated_metagenomes/VatanenT_2016
SRR4408254;VatanenT_2016;SRR4408254_1.fastq.gz;SRR4408254_2.fastq.gz;;True;/gfs/data/curated_metagenomes/VatanenT_2016
SRR4408255;VatanenT_2016;SRR4408255_1.fastq.gz;SRR4408255_2.fastq.gz;;True;/gfs/data/curated_metagenomes/VatanenT_2016
SRR4408256;VatanenT_2016;SRR4408256_1.fastq.gz;SRR4408256_2.fastq.gz;;True;/gfs/data/curated_metagenomes/VatanenT_2016
SRR4408257;VatanenT_2016;SRR4408257_1.fastq.gz;SRR4408257_2.fastq.gz;;True;/gfs/data/curated_metagenomes/VatanenT_2016
SRR4408258;VatanenT_2016;SRR4408258_1.fastq.gz;SRR4408258_2.fastq.gz;;True;/gfs/data/curated_metagenomes/VatanenT_2016
SRR4408259;VatanenT_2016;SRR4408259_1.fastq.gz;SRR4408259_2.fastq.gz;;True;/gfs/data/curated_metagenomes/VatanenT_2016
SRR4408260;VatanenT_2016;SRR4408260_1.fastq.gz;SRR4408260_2.fastq.gz;;True;/gfs/data/curated_metagenomes/VatanenT_2016
SRR4408261;VatanenT_2016;SRR4408261_1.fastq.gz;SRR4408261_2.fastq.gz;;True;/gfs/data/curated_metagenomes/VatanenT_2016
SRR4408262;VatanenT_2016;SRR4408262_1.fastq.gz;SRR4408262_2.fastq.gz;;True;/gfs/data/curated_metagenomes/VatanenT_2016
SRR4408263;VatanenT_2016;SRR4408263_1.fastq.gz;SRR4408263_2.fastq.gz;;True;/gfs/data/curated_metagenomes/VatanenT_2016
SRR4408264;VatanenT_2016;SRR4408264_1.fastq.gz;SRR4408264_2.fastq.gz;;True;/gfs/data/curated_metagenomes/VatanenT_2016
SRR4408265;VatanenT_2016;SRR4408265_1.fastq.gz;SRR4408265_2.fastq.gz;;True;/gfs/data/curated_metagenomes/VatanenT_2016
SRR4408266;VatanenT_2016;SRR4408266_1.fastq.gz;SRR4408266_2.fastq.gz;;True;/gfs/data/curated_metagenomes/VatanenT_2016
SRR4408267;VatanenT_2016;SRR4408267_1.fastq.gz;SRR4408267_2.fastq.gz;;True;/gfs/data/curated_metagenomes/VatanenT_2016
SRR4408268;VatanenT_2016;SRR4408268_1.fastq.gz;SRR4408268_2.fastq.gz;;True;/gfs/data/curated_metagenomes/VatanenT_2016
SRR4408269;VatanenT_2016;SRR4408269_1.fastq.gz;SRR4408269_2.fastq.gz;;True;/gfs/data/curated_metagenomes/VatanenT_2016
SRR4408270;VatanenT_2016;SRR4408270_1.fastq.gz;SRR4408270_2.fastq.gz;;True;/gfs/data/curated_metagenomes/VatanenT_2016
SRR4408271;VatanenT_2016;SRR4408271_1.fastq.gz;SRR4408271_2.fastq.gz;;True;/gfs/data/curated_metagenomes/VatanenT_2016
SRR4408272;VatanenT_2016;SRR4408272_1.fastq.gz;SRR4408272_2.fastq.gz;;True;/gfs/data/curated_metagenomes/VatanenT_2016
SRR4408273;VatanenT_2016;SRR4408273_1.fastq.gz;SRR4408273_2.fastq.gz;;True;/gfs/data/curated_metagenomes/VatanenT_2016
SRR4408274;VatanenT_2016;SRR4408274_1.fastq.gz;SRR4408274_2.fastq.gz;;True;/gfs/data/curated_metagenomes/VatanenT_2016
SRR4408275;VatanenT_2016;SRR4408275_1.fastq.gz;SRR4408275_2.fastq.gz;;True;/gfs/data/curated_metagenomes/VatanenT_2016
SRR4408276;VatanenT_2016;SRR4408276_1.fastq.gz;SRR4408276_2.fastq.gz;;True;/gfs/data/curated_metagenomes/VatanenT_2016
SRR4408277;VatanenT_2016;SRR4408277_1.fastq.gz;SRR4408277_2.fastq.gz;;True;/gfs/data/curated_metagenomes/VatanenT_2016
SRR4408278;VatanenT_2016;SRR4408278_1.fastq.gz;SRR4408278_2.fastq.gz;;True;/gfs/data/curated_metagenomes/VatanenT_2016
SRR4408279;VatanenT_2016;SRR4408279_1.fastq.gz;SRR4408279_2.fastq.gz;;True;/gfs/data/curated_metagenomes/VatanenT_2016
SRR4408280;VatanenT_2016;SRR4408280_1.fastq.gz;SRR4408280_2.fastq.gz;;True;/gfs/data/curated_metagenomes/VatanenT_2016
SRR4408281;VatanenT_2016;SRR4408281_1.fastq.gz;SRR4408281_2.fastq.gz;;True;/gfs/data/curated_metagenomes/VatanenT_2016
SRR4408282;VatanenT_2016;SRR4408282_1.fastq.gz;SRR4408282_2.fastq.gz;;True;/gfs/data/curated_metagenomes/VatanenT_2016
SRR4408283;VatanenT_2016;SRR4408283_1.fastq.gz;SRR4408283_2.fastq.gz;;True;/gfs/data/curated_metagenomes/VatanenT_2016
SRR4408284;VatanenT_2016;SRR4408284_1.fastq.gz;SRR4408284_2.fastq.gz;;True;/gfs/data/curated_metagenomes/VatanenT_2016
SRR4408285;VatanenT_2016;SRR4408285_1.fastq.gz;SRR4408285_2.fastq.gz;;True;/gfs/data/curated_metagenomes/VatanenT_2016
SRR4408286;VatanenT_2016;SRR4408286_1.fastq.gz;SRR4408286_2.fastq.gz;;True;/gfs/data/curated_metagenomes/VatanenT_2016
SRR4408287;VatanenT_2016;SRR4408287_1.fastq.gz;SRR4408287_2.fastq.gz;;True;/gfs/data/curated_metagenomes/VatanenT_2016
SRR4408288;VatanenT_2016;SRR4408288_1.fastq.gz;SRR4408288_2.fastq.gz;;True;/gfs/data/curated_metagenomes/VatanenT_2016
SRR4408289;VatanenT_2016;SRR4408289_1.fastq.gz;SRR4408289_2.fastq.gz;;True;/gfs/data/curated_metagenomes/VatanenT_2016
SRR4408290;VatanenT_2016;SRR4408290_1.fastq.gz;SRR4408290_2.fastq.gz;;True;/gfs/data/curated_metagenomes/VatanenT_2016
SRR4408291;VatanenT_2016;SRR4408291_1.fastq.gz;SRR4408291_2.fastq.gz;;True;/gfs/data/curated_metagenomes/VatanenT_2016
SRR4408292;VatanenT_2016;SRR4408292_1.fastq.gz;SRR4408292_2.fastq.gz;;True;/gfs/data/curated_metagenomes/VatanenT_2016
SRR4408293;VatanenT_2016;SRR4408293_1.fastq.gz;SRR4408293_2.fastq.gz;;True;/gfs/data/curated_metagenomes/VatanenT_2016